feature,rank_xgb,rank_rf,rank_lgbm,rank_cat,mean_rank
swing12_median_Az,2.0,1.0,17.0,8.0,7.0
swing13_median_Az,3.0,3.0,11.0,11.0,7.0
swing10_median_Az,1.0,4.0,15.0,18.0,9.5
swing7_median_Az,29.0,2.0,9.0,1.0,10.25
swing12_rms_Ax,28.0,12.0,3.5,4.0,11.875
swing8_median_Az,30.0,8.0,7.0,10.0,13.75
swing9_median_Az,16.0,5.0,41.5,2.0,16.125
swing23_median_Az,37.0,7.0,20.0,23.0,21.75
swing17_std_Az,12.0,45.0,15.0,16.0,22.0
swing25_median_Az,45.0,19.0,3.5,46.0,28.375
swing21_rms_Ax,79.0,15.0,11.0,20.0,31.25
swing20_std_Az,24.0,36.0,20.0,49.0,32.25
swing18_median_Az,67.0,18.0,31.5,17.0,33.375
swing12_std_Az,5.0,29.0,20.0,95.0,37.25
swing5_max_Ax,25.0,58.0,6.0,87.0,44.0
swing8_mean_Gz,66.0,80.0,2.0,32.0,45.0
swing19_median_Az,59.0,24.0,75.0,26.0,46.0
swing5_median_Az,14.0,6.0,36.0,150.0,51.5
swing23_rms_Ax,97.0,21.0,28.0,66.0,53.0
swing16_mean_Gz,55.0,74.0,63.5,22.0,53.625
swing2_median_Az,102.0,39.0,48.0,27.0,54.0
swing18_std_Az,15.0,54.0,75.0,72.0,54.0
swing13_rms_Ax,35.0,31.0,100.0,55.0,55.25
swing17_rms_Ax,115.0,25.0,41.5,45.0,56.625
swing18_rms_Ax,42.0,37.0,100.0,59.0,59.5
swing26_max_Ax,51.0,67.0,15.0,122.0,63.75
swing15_rms_Ax,123.0,32.0,75.0,28.0,64.5
swing26_median_Az,47.0,23.0,87.5,114.0,67.875
swing14_std_Az,8.0,142.0,125.0,6.0,70.25
swing13_max_Ay,103.0,107.0,56.0,15.0,70.25
swing11_max_Ay,72.0,78.0,125.0,24.0,74.75
swing21_max_Ay,173.0,98.0,5.0,29.0,76.25
swing25_rms_Ax,18.0,43.0,186.5,61.0,77.125
swing7_max_Ax,134.0,81.0,11.0,90.0,79.0
swing15_median_Az,108.0,10.0,100.0,102.0,80.0
swing20_median_Az,52.0,13.0,41.5,218.0,81.125
swing3_max_Ax,167.0,97.0,56.0,13.0,83.25
swing21_median_Az,202.0,9.0,36.0,86.0,83.25
swing17_mean_Az,223.0,30.0,48.0,34.0,83.75
swing22_std_Az,84.0,59.0,139.5,54.0,84.125
swing9_max_Ax,36.0,102.0,186.5,12.0,84.125
swing18_mean_Ax,175.0,76.0,48.0,39.0,84.5
swing17_mean_Ax,33.0,103.0,139.5,83.0,89.625
swing8_rms_Ax,130.0,40.0,125.0,65.0,90.0
swing5_rms_Ax,177.0,35.0,87.5,69.0,92.125
swing8_std_Az,54.0,65.0,139.5,119.0,94.375
swing20_rms_Az,237.0,41.0,75.0,25.0,94.5
swing7_mean_Ax,110.0,88.0,23.5,171.0,98.125
swing16_rms_Ax,80.0,64.0,36.0,223.0,100.75
swing24_median_Az,99.0,17.0,186.5,104.0,101.625
swing15_max_Ay,60.0,179.0,160.5,9.0,102.125
swing11_max_Ax,147.0,85.0,28.0,149.0,102.25
swing11_std_Az,273.0,75.0,41.5,21.0,102.625
swing14_rms_Ax,83.0,72.0,75.0,184.0,103.5
swing21_std_Az,116.0,55.0,48.0,201.0,105.0
swing12_mean_Ax,228.0,119.0,23.5,52.0,105.625
swing6_mean_Az,31.0,34.0,307.5,51.0,105.875
swing3_median_Az,200.0,52.0,87.5,91.0,107.625
swing7_max_Ay,22.0,180.0,100.0,130.0,108.0
swing24_std_Az,275.0,68.0,56.0,50.0,112.25
swing22_median_Az,20.0,28.0,87.5,315.0,112.625
swing7_mean_Az,181.0,50.0,113.5,108.0,113.125
swing11_median_Az,271.0,11.0,56.0,132.0,117.5
swing19_mean_Ax,95.0,120.0,215.0,41.0,117.75
swing12_mean_Az,213.0,77.0,113.5,70.0,118.375
swing26_std_Az,195.0,185.0,31.5,82.0,123.375
swing7_rms_Ax,386.0,38.0,56.0,19.0,124.75
swing4_median_Az,225.0,16.0,139.5,140.0,130.125
swing3_max_Ay,174.0,172.0,139.5,36.0,130.375
swing22_rms_Az,142.0,112.0,48.0,233.0,133.75
swing23_max_Ay,62.0,117.0,125.0,240.0,136.0
swing14_rms_Az,81.0,315.0,139.5,14.0,137.375
swing4_mean_Ax,13.0,164.0,372.0,7.0,139.0
swing6_max_Ax,96.0,155.0,31.5,277.0,139.875
swing11_rms_Ax,155.0,56.0,307.5,44.0,140.625
swing23_rms_Az,113.0,116.0,160.5,173.0,140.625
swing20_mean_Gz,308.0,89.0,75.0,96.0,142.0
swing10_max_Ax,100.0,221.0,100.0,147.0,142.0
swing26_max_Ay,145.0,259.0,36.0,135.0,143.75
swing17_median_Az,284.0,14.0,56.0,222.0,144.0
swing9_mean_Gz,289.0,175.0,8.0,107.0,144.75
swing19_rms_Ax,212.0,61.0,100.0,217.0,147.5
swing6_std_Az,71.0,105.0,307.5,110.0,148.375
swing25_max_Ay,124.0,249.0,31.5,196.0,150.125
swing2_mean_Gz,282.0,46.0,113.5,162.0,150.875
swing9_std_Az,120.0,71.0,100.0,313.0,151.0
swing14_rms_Gx,74.0,301.0,75.0,158.0,152.0
swing16_median_Az,6.0,22.0,579.0,5.0,153.0
swing3_mean_Gz,434.0,79.0,13.0,98.0,156.0
swing6_mean_Gz,400.0,110.0,20.0,97.0,156.75
swing16_rms_Az,92.0,70.0,372.0,100.0,158.5
swing24_rms_Az,315.0,133.0,36.0,161.0,161.25
swing5_max_Ay,371.0,114.0,75.0,94.0,163.5
swing15_mean_Gz,186.0,93.0,215.0,166.0,165.0
swing14_median_Ay,129.0,268.0,186.5,77.0,165.125
swing3_std_Az,211.0,73.0,125.0,255.0,166.0
swing21_max_Gx,9.0,251.0,186.5,219.0,166.375
swing17_max_Ay,385.0,129.0,125.0,31.0,167.5
swing7_std_Az,203.0,141.0,186.5,141.0,167.875
swing4_max_Ay,187.0,373.0,63.5,48.0,167.875
swing22_max_Ay,347.0,189.0,75.0,68.0,169.75
swing6_rms_Ax,424.0,49.0,63.5,152.0,172.125
swing14_median_Az,331.0,42.0,41.5,275.0,172.375
swing25_rms_Az,150.0,177.0,125.0,238.0,172.5
swing14_mean_Az,199.0,53.0,307.5,131.0,172.625
swing14_std_Gx,106.0,198.0,139.5,257.0,175.125
swing14_mean_Ay,87.0,217.0,372.0,35.0,177.75
swing7_median_Gz,298.0,182.0,75.0,159.0,178.5
swing22_mean_Gz,206.0,248.0,63.5,216.0,183.375
swing26_mean_Ax,245.0,143.0,28.0,321.0,184.25
swing6_max_Ay,125.0,309.0,186.5,137.0,189.375
swing23_std_Az,274.0,121.0,307.5,57.0,189.875
swing6_std_Ax,70.0,355.0,307.5,33.0,191.375
swing9_rms_Ax,427.0,20.0,41.5,282.0,192.625
swing23_max_Ax,246.0,261.0,160.5,105.0,193.125
swing7_mean_Gz,165.0,153.0,100.0,355.0,193.25
swing5_median_Gz,139.0,203.0,125.0,308.0,193.75
swing14_median_Gz,131.0,271.0,125.0,248.0,193.75
swing24_max_Ay,204.0,317.0,75.0,181.0,194.25
swing9_rms_Az,159.0,187.0,139.5,292.0,194.375
swing21_mean_Gz,337.0,333.0,75.0,38.0,195.75
swing20_max_Ay,234.0,260.0,100.0,190.0,196.0
swing18_max_Ax,344.0,224.0,139.5,80.0,196.875
swing10_max_Ay,310.0,225.0,100.0,155.0,197.5
swing4_mean_Gy,91.0,295.0,139.5,272.0,199.375
swing19_max_Ax,41.0,183.0,463.5,112.0,199.875
swing8_rms_Az,415.0,163.0,186.5,37.0,200.375
swing26_mean_Gy,94.0,337.0,307.5,63.0,200.375
swing23_median_Gx,330.0,244.0,25.5,205.0,201.125
swing8_max_Ay,133.0,227.0,256.0,192.0,202.0
swing12_max_Ay,270.0,206.0,125.0,209.0,202.5
swing21_rms_Az,109.0,312.0,215.0,176.0,203.0
swing18_max_Ay,412.0,118.0,87.5,200.0,204.375
swing18_rms_Az,335.0,202.0,256.0,30.0,205.75
swing13_mean_Ay,50.0,233.0,87.5,457.0,206.875
swing5_median_Gy,182.0,397.0,215.0,40.0,208.5
swing20_median_Gz,288.0,106.0,113.5,328.0,208.875
swing2_mean_Az,428.0,44.0,56.0,314.0,210.5
swing4_std_Az,438.0,48.0,87.5,271.0,211.125
swing19_rms_Gx,243.0,215.0,256.0,134.0,212.0
swing4_mean_Az,364.0,26.0,215.0,245.0,212.5
swing13_std_Az,166.0,131.0,186.5,367.0,212.625
swing3_rms_Ax,191.0,69.0,256.0,340.0,214.0
swing5_std_Az,276.0,149.0,256.0,179.0,215.0
swing24_max_Ax,420.0,91.0,215.0,136.0,215.5
swing6_median_Az,470.0,83.0,139.5,174.0,216.625
swing16_median_Gz,127.0,113.0,100.0,527.0,216.75
swing22_min_Gy,53.0,370.0,307.5,146.0,219.125
swing10_rms_Ax,294.0,51.0,256.0,276.0,219.25
swing3_max_Gx,10.0,195.0,186.5,492.0,220.875
swing4_rms_Ax,492.0,95.0,125.0,175.0,221.75
swing3_median_Gz,399.0,194.0,139.5,167.0,224.875
swing15_std_Ax,126.0,122.0,256.0,397.0,225.25
swing10_mean_Az,378.0,104.0,160.5,262.0,226.125
swing18_mean_Gz,265.0,145.0,48.0,448.0,226.5
swing22_rms_Ax,433.0,154.0,256.0,64.0,226.75
swing5_mean_Ax,325.0,331.0,186.5,67.0,227.375
swing12_median_Gz,307.0,188.0,186.5,239.0,230.125
swing4_rms_Gx,320.0,134.0,186.5,281.0,230.375
swing8_mean_Az,447.0,63.0,307.5,106.0,230.875
swing17_max_Ax,277.0,304.0,100.0,244.0,231.25
swing22_median_Gz,367.0,414.0,75.0,79.0,233.75
swing15_rms_Az,215.0,96.0,372.0,253.0,234.0
swing8_max_Ax,180.0,343.0,160.5,268.0,237.875
swing8_median_Ay,172.0,573.0,125.0,84.0,238.5
swing20_rms_Ax,553.0,33.0,87.5,289.0,240.625
swing15_mean_Az,407.0,167.0,186.5,210.0,242.625
swing16_std_Az,360.0,101.0,215.0,295.0,242.75
swing23_mean_Ax,85.0,210.0,256.0,428.0,244.75
swing16_mean_Az,101.0,84.0,463.5,331.0,244.875
swing18_median_Gz,169.0,274.0,215.0,327.0,246.25
swing19_mean_Gz,342.0,132.0,160.5,351.0,246.375
swing26_median_Gy,156.0,446.0,20.0,370.0,248.0
swing21_max_Ax,345.0,60.0,186.5,403.0,248.625
swing26_rms_Az,198.0,169.0,256.0,374.0,249.25
swing26_mean_Ay,158.0,629.0,25.5,185.0,249.375
swing15_std_Az,260.0,62.0,463.5,214.0,249.875
swing22_max_Ax,257.0,238.0,215.0,293.0,250.75
swing24_rms_Ax,179.0,124.0,463.5,243.0,252.375
swing14_max_Ay,369.0,272.0,307.5,81.0,257.375
swing14_mean_Gz,373.0,252.0,372.0,43.0,260.0
swing7_median_Gx,160.0,278.0,463.5,143.0,261.125
swing8_std_Gx,229.0,236.0,463.5,118.0,261.625
mode,278.0,768.0,1.0,3.0,262.5
swing26_rms_Ax,475.0,148.0,160.5,269.0,263.125
swing8_median_Gz,192.0,140.0,256.0,466.0,263.5
swing26_mean_Az,343.0,296.0,256.0,160.0,263.75
swing20_rms_Gx,46.0,383.0,307.5,326.0,265.625
swing16_max_Ax,463.0,99.0,63.5,444.0,267.375
swing19_max_Ay,359.0,157.0,186.5,369.0,267.875
swing3_mean_Az,728.5,27.0,139.5,178.0,268.25
swing3_std_Ax,90.0,362.0,372.0,251.0,268.75
swing9_max_Ay,548.0,262.0,160.5,115.0,271.375
swing19_std_Az,68.0,86.0,215.0,717.5,271.625
swing25_std_Az,474.0,139.0,307.5,172.0,273.125
swing9_mean_Ax,458.0,100.0,186.5,353.0,274.375
swing8_std_Ax,408.0,276.0,215.0,203.0,275.5
swing9_min_Gy,349.0,461.0,63.5,234.0,276.875
swing11_median_Ay,219.0,250.0,139.5,500.0,277.125
swing20_rms_Gy,143.0,354.0,307.5,304.0,277.125
swing25_max_Gx,146.0,108.0,463.5,392.0,277.375
swing24_min_Gy,249.0,471.0,160.5,230.0,277.625
swing11_min_Gy,104.0,541.0,256.0,212.0,278.25
swing22_mean_Ax,216.0,223.0,372.0,305.0,279.0
swing5_rms_Gx,188.0,178.0,463.5,288.0,279.375
swing21_mean_Gy,93.0,209.0,100.0,717.5,279.875
swing22_mean_Az,305.0,135.0,307.5,372.0,279.875
swing14_mean_Ax,324.0,266.0,463.5,74.0,281.875
swing10_mean_Ax,135.0,165.0,113.5,717.5,282.75
swing15_mean_Ax,136.0,205.0,75.0,717.5,283.375
swing23_mean_Gz,283.0,207.0,307.5,342.0,284.875
swing21_mean_Az,422.0,57.0,215.0,449.0,285.75
swing11_mean_Ay,168.0,213.0,579.0,183.0,285.75
swing11_min_Az,151.0,562.0,307.5,125.0,286.375
swing19_rms_Az,539.0,170.0,256.0,186.0,287.75
swing24_mean_Gz,128.0,384.0,256.0,384.0,288.0
swing4_median_Ay,105.0,375.0,579.0,99.0,289.5
swing5_rms_Az,292.0,322.0,307.5,237.0,289.625
swing25_median_Gy,217.0,467.0,307.5,169.0,290.125
swing21_rms_Ay,197.0,201.0,56.0,717.5,292.875
swing24_max_Gx,48.0,590.0,372.0,170.0,295.0
swing7_mean_Gy,221.0,406.0,372.0,188.0,296.75
swing11_mean_Ax,239.0,125.0,704.0,120.0,297.0
swing10_mean_Gz,394.0,226.0,307.5,263.0,297.625
swing17_mean_Gz,227.0,136.0,113.5,717.5,298.5
test_time,393.0,609.0,56.0,139.0,299.25
swing12_rms_Gx,148.0,258.0,463.5,329.0,299.625
swing15_max_Ax,157.0,111.0,215.0,717.5,300.125
swing12_rms_Az,496.0,190.0,256.0,259.0,300.25
swing2_std_Az,468.0,92.0,256.0,393.0,302.25
swing5_mean_Gz,86.0,159.0,256.0,717.5,304.625
swing25_mean_Gz,230.0,298.0,186.5,511.0,306.375
swing25_max_Ax,363.0,513.0,186.5,163.0,306.375
swing16_rms_Gx,82.0,509.0,372.0,265.0,307.0
swing19_median_Gx,473.0,109.0,125.0,524.0,307.75
swing19_median_Ay,107.0,418.0,307.5,402.0,308.625
swing5_mean_Az,362.0,168.0,215.0,493.0,309.5
swing23_rms_Gz,327.0,191.0,372.0,350.0,310.0
swing9_median_Gx,144.0,517.0,372.0,208.0,310.25
swing14_max_Gx,23.0,247.0,256.0,717.5,310.875
swing21_median_Gz,472.0,349.0,100.0,323.0,311.0
swing2_max_Ax,194.0,173.0,160.5,717.5,311.25
swing11_median_Gz,65.0,156.0,307.5,717.5,311.5
swing4_mean_Gz,154.0,363.0,256.0,475.0,312.0
swing7_median_Ay,435.0,645.0,75.0,93.0,312.0
swing25_mean_Az,272.0,253.0,579.0,145.0,312.25
swing12_max_Ax,536.0,279.0,256.0,180.0,312.75
swing4_rms_Az,268.0,442.0,160.5,382.0,313.125
swing12_mean_Gz,450.0,214.0,215.0,375.0,313.5
swing19_median_Gz,88.0,633.0,307.5,226.0,313.625
swing9_min_Az,528.0,310.0,307.5,109.0,313.625
swing9_mean_Az,252.0,126.0,160.5,717.5,314.0
swing20_mean_Ax,304.0,160.0,75.0,717.5,314.125
swing12_median_Ay,416.0,586.0,100.0,156.0,314.5
swing15_rms_Gz,210.0,595.0,307.5,153.0,316.375
swing23_median_Ay,411.0,324.0,307.5,236.0,319.625
swing6_mean_Ay,4.0,152.0,704.0,419.0,319.75
swing7_rms_Az,356.0,94.0,113.5,717.5,320.25
swing26_median_Gz,40.0,484.0,307.5,450.0,320.375
swing26_median_Ay,184.0,674.0,160.5,264.0,320.625
swing13_median_Gx,728.5,256.0,160.5,142.0,321.75
swing16_median_Gx,379.0,345.0,186.5,377.0,321.875
swing21_min_Az,395.0,399.0,160.5,334.0,322.125
swing17_median_Gy,518.0,357.0,372.0,42.0,322.25
swing21_std_Ax,64.0,594.0,372.0,261.0,322.75
swing6_mean_Gy,348.0,496.0,256.0,194.0,323.5
swing13_median_Gz,728.5,184.0,186.5,199.0,324.5
swing5_mean_Ay,231.0,219.0,579.0,274.0,325.75
swing19_mean_Az,398.0,193.0,463.5,258.0,328.125
swing19_mean_Gy,402.0,460.0,372.0,89.0,330.75
swing9_median_Gz,118.0,400.0,100.0,717.5,333.875
swing15_median_Gz,56.0,311.0,256.0,717.5,335.125
swing4_median_Gz,405.0,323.0,256.0,360.0,336.0
swing16_mean_Gy,510.0,302.0,463.5,73.0,337.125
swing12_rms_Gz,280.0,443.0,579.0,53.0,338.75
swing11_mean_Az,728.5,192.0,215.0,220.0,338.875
swing13_max_Ax,541.0,171.0,463.5,182.0,339.375
swing13_rms_Ay,334.0,334.0,463.5,228.0,339.875
swing8_rms_Gz,220.0,435.0,256.0,465.0,344.0
swing15_min_Az,484.0,503.0,256.0,133.0,344.0
swing2_rms_Ax,491.0,82.0,463.5,341.0,344.375
swing25_mean_Gy,514.0,181.0,307.5,381.0,345.875
swing19_mean_Ay,76.0,222.0,372.0,717.5,346.875
swing15_mean_Ay,477.0,275.0,579.0,58.0,347.25
swing16_max_Ay,499.0,393.0,160.5,337.0,347.375
swing13_mean_Az,728.5,288.0,256.0,123.0,348.875
swing21_median_Gy,39.0,537.0,579.0,242.0,349.25
swing25_mean_Ax,443.0,123.0,113.5,717.5,349.25
swing8_mean_Ax,454.0,325.0,372.0,249.0,350.0
swing2_min_Ax,410.0,757.0,160.5,76.0,350.875
swing26_rms_Gy,269.0,638.0,372.0,126.0,351.25
swing9_median_Ax,355.0,477.0,372.0,204.0,352.0
swing23_std_Ax,69.0,162.0,463.5,717.5,353.0
swing17_rms_Gx,121.0,137.0,704.0,452.0,353.5
swing16_mean_Ax,322.0,161.0,215.0,717.5,353.875
swing5_std_Gx,403.0,200.0,463.5,352.0,354.625
swing13_std_Gx,465.0,281.0,215.0,462.0,355.75
swing25_rms_Gz,21.0,549.0,579.0,287.0,359.0
swing6_min_Az,141.0,579.0,307.5,409.0,359.125
swing2_max_Ay,208.0,372.0,139.5,717.5,359.25
swing8_median_Gx,332.0,646.0,256.0,207.0,360.25
swing13_rms_Az,32.0,391.0,307.5,717.5,362.0
swing4_std_Gx,728.5,146.0,256.0,324.0,363.625
swing21_mean_Ax,238.0,128.0,372.0,717.5,363.875
swing22_min_Ax,27.0,486.0,579.0,364.0,364.0
swing19_median_Gy,517.0,374.0,256.0,311.0,364.5
swing11_rms_Az,728.5,246.0,372.0,121.0,366.875
swing9_mean_Gx,140.0,147.0,463.5,717.5,367.0
swing13_mean_Gz,429.0,204.0,579.0,260.0,368.0
swing16_std_Ax,551.0,319.0,372.0,231.0,368.25
swing26_rms_Gx,522.0,470.0,215.0,267.0,368.5
swing4_median_Gy,505.0,416.0,307.5,246.0,368.625
swing2_std_Ay,390.0,527.0,307.5,250.0,368.625
swing12_mean_Gx,137.0,515.0,463.5,361.0,369.125
swing6_median_Gz,297.0,277.0,186.5,717.5,369.5
swing21_std_Gz,178.0,506.0,704.0,92.0,370.0
swing18_max_Gx,44.0,220.0,704.0,513.0,370.25
swing20_mean_Az,728.5,176.0,256.0,330.0,372.625
swing18_mean_Az,728.5,47.0,256.0,461.0,373.125
swing7_min_Ax,481.0,704.0,256.0,56.0,374.25
swing8_min_Az,421.0,485.0,307.5,286.0,374.875
swing12_min_Az,114.0,456.0,215.0,717.5,375.625
swing20_mean_Ay,19.0,398.0,372.0,717.5,376.625
swing11_std_Gx,111.0,464.0,215.0,717.5,376.875
swing3_median_Gy,459.0,290.0,256.0,504.0,377.25
swing17_std_Ay,392.0,731.0,307.5,85.0,378.875
swing25_min_Ax,311.0,387.0,100.0,717.5,378.875
swing23_median_Gy,193.0,305.0,307.5,717.5,380.75
swing17_mean_Ay,262.0,450.0,372.0,441.0,381.25
swing3_mean_Ax,309.0,130.0,372.0,717.5,382.125
swing15_min_Ax,346.0,264.0,215.0,717.5,385.625
swing11_mean_Gz,401.0,211.0,215.0,717.5,386.125
swing23_median_Ax,457.0,377.0,579.0,138.0,387.75
swing23_rms_Ay,728.5,285.0,463.5,78.0,388.75
swing8_std_Gz,521.0,425.0,256.0,354.0,389.0
swing21_median_Ay,436.0,559.0,256.0,307.0,389.5
swing20_rms_Gz,11.0,459.0,372.0,717.5,389.875
swing21_mean_Ay,478.0,494.0,463.5,127.0,390.625
swing9_min_Ay,357.0,361.0,463.5,383.0,391.125
swing18_median_Ay,63.0,760.0,463.5,279.0,391.375
swing5_mean_Gy,201.0,613.0,48.0,717.5,394.875
swing4_max_Gx,341.0,306.0,215.0,717.5,394.875
swing7_min_Az,258.0,500.0,113.5,717.5,397.25
swing17_max_Gx,98.0,408.0,372.0,717.5,398.875
swing15_max_Az,293.0,424.0,463.5,415.0,398.875
swing17_mean_Gy,119.0,683.0,463.5,332.0,399.375
swing20_mean_Gy,452.0,621.0,372.0,154.0,399.75
swing20_median_Gx,232.0,810.0,186.5,379.0,401.875
swing3_rms_Gz,267.0,336.0,704.0,306.0,403.25
swing2_median_Gz,122.0,466.0,307.5,717.5,403.25
swing13_rms_Gx,248.0,472.0,372.0,521.0,403.25
swing25_mean_Ay,532.0,90.0,463.5,528.0,403.375
swing17_min_Ay,176.0,348.0,372.0,717.5,403.375
swing18_std_Gy,430.0,700.0,372.0,113.0,403.75
swing26_min_Gz,255.0,825.0,463.5,75.0,404.625
swing23_min_Ax,396.0,138.0,372.0,717.5,405.875
swing6_min_Ay,728.5,320.0,160.5,416.0,406.25
swing26_std_Gz,138.0,745.0,463.5,285.0,407.875
swing10_min_Az,397.0,572.0,160.5,508.0,409.375
swing23_mean_Gy,537.0,451.0,579.0,71.0,409.5
swing5_std_Ax,49.0,412.0,463.5,717.5,410.5
swing2_median_Ay,73.0,389.0,463.5,717.5,410.75
swing3_median_Gx,352.0,144.0,704.0,445.0,411.25
swing10_median_Gx,264.0,358.0,307.5,717.5,411.75
swing20_min_Az,453.0,270.0,704.0,224.0,412.75
swing7_max_Az,525.0,364.0,463.5,299.0,412.875
swing24_min_Ax,482.0,243.0,215.0,717.5,414.375
swing20_max_Gx,34.0,539.0,579.0,512.0,416.0
swing7_median_Gy,132.0,483.0,579.0,471.0,416.25
swing14_std_Gy,171.0,715.0,256.0,525.0,416.75
swing2_min_Ay,339.0,741.0,186.5,404.0,417.625
swing16_rms_Gz,728.5,521.0,372.0,62.0,420.875
swing18_min_Az,263.0,672.0,463.5,290.0,422.125
swing10_rms_Gx,728.5,255.0,372.0,343.0,424.625
swing13_mean_Ax,388.0,339.0,256.0,717.5,425.125
swing10_median_Gy,728.5,439.0,307.5,229.0,426.0
swing11_median_Ax,226.0,776.0,372.0,333.0,426.75
swing22_min_Az,218.0,426.0,579.0,484.0,426.75
swing14_min_Az,196.0,538.0,579.0,395.0,427.0
swing23_mean_Ay,728.5,273.0,579.0,129.0,427.375
swing24_rms_Gy,78.0,662.0,256.0,717.5,428.375
swing23_mean_Az,728.5,218.0,579.0,189.0,428.625
swing17_max_Az,190.0,563.0,256.0,717.5,431.625
swing12_mean_Ay,7.0,433.0,834.5,453.0,431.875
swing16_std_Gy,520.0,436.0,579.0,193.0,432.0
swing6_rms_Az,503.0,536.0,215.0,476.0,432.5
swing23_max_Gx,57.0,569.0,704.0,411.0,435.25
swing4_max_Ax,414.0,396.0,215.0,717.5,435.625
swing6_rms_Ay,728.5,196.0,463.5,362.0,437.5
swing3_mean_Gy,512.0,647.0,372.0,227.0,439.5
swing8_mean_Ay,247.0,488.0,307.5,717.5,440.0
swing2_rms_Az,350.0,232.0,463.5,717.5,440.75
swing20_max_Ax,353.0,115.0,579.0,717.5,441.125
swing19_min_Az,449.0,534.0,256.0,529.0,442.0
swing6_median_Gx,253.0,335.0,463.5,717.5,442.25
swing23_std_Gx,43.0,434.0,579.0,717.5,443.375
swing17_std_Ax,301.0,452.0,307.5,717.5,444.5
swing18_min_Gy,340.0,427.0,579.0,435.0,445.25
swing5_std_Gz,61.0,696.0,704.0,325.0,446.5
swing24_median_Gy,728.5,379.0,579.0,101.0,446.875
swing6_median_Ay,241.0,368.0,463.5,717.5,447.5
swing15_median_Gy,279.0,707.0,579.0,225.0,447.5
swing13_min_Ax,214.0,605.0,256.0,717.5,448.125
swing9_median_Ay,554.0,457.0,579.0,206.0,449.0
swing13_std_Gy,377.0,801.0,307.5,317.0,450.625
swing3_rms_Az,728.5,245.0,113.5,717.5,451.125
swing2_median_Ax,205.0,680.0,463.5,456.0,451.125
swing10_max_Az,313.0,617.0,160.5,717.5,452.0
swing26_median_Gx,440.0,783.0,372.0,213.0,452.0
swing20_min_Ay,351.0,667.0,579.0,211.0,452.0
swing16_mean_Ay,728.5,385.0,307.5,391.0,453.0
swing12_mean_Gy,515.0,438.0,704.0,157.0,453.5
swing10_std_Gy,728.5,367.0,463.5,256.0,453.75
swing12_std_Ax,329.0,66.0,704.0,717.5,454.125
swing19_min_Ax,728.5,628.0,160.5,302.0,454.75
swing8_min_Gy,456.0,610.0,372.0,385.0,455.75
swing18_max_Az,728.5,313.0,372.0,410.0,455.875
swing17_rms_Gy,152.0,713.0,834.5,124.0,455.875
swing7_std_Gx,487.0,405.0,215.0,717.5,456.125
swing25_median_Ax,75.0,522.0,834.5,396.0,456.875
swing3_mean_Ay,240.0,407.0,463.5,717.5,457.0
swing2_max_Az,323.0,709.0,307.5,490.0,457.375
swing17_min_Az,368.0,504.0,579.0,380.0,457.75
swing10_mean_Gy,389.0,465.0,704.0,273.0,457.75
swing12_min_Ax,244.0,346.0,834.5,408.0,458.125
swing2_median_Gy,306.0,440.0,372.0,717.5,458.875
swing6_rms_Gx,728.5,150.0,463.5,494.0,459.0
swing20_std_Gy,442.0,318.0,579.0,497.0,459.0
swing10_median_Gz,728.5,316.0,372.0,420.0,459.125
swing10_min_Gy,295.0,763.0,463.5,320.0,460.375
swing21_min_Ax,728.5,430.0,372.0,318.0,462.125
swing9_rms_Ay,112.0,560.0,463.5,717.5,463.25
swing25_min_Gx,338.0,831.0,463.5,221.0,463.375
swing6_mean_Ax,728.5,127.0,704.0,294.0,463.375
swing2_std_Gx,728.5,615.0,463.5,47.0,463.5
swing14_max_Ax,209.0,351.0,579.0,717.5,464.125
swing24_mean_Ax,488.0,437.0,215.0,717.5,464.375
swing4_median_Gx,469.0,502.0,463.5,424.0,464.625
swing3_std_Gx,728.5,237.0,186.5,717.5,467.375
swing3_rms_Gx,538.0,303.0,579.0,451.0,467.75
swing22_median_Ax,261.0,642.0,704.0,266.0,468.25
swing23_rms_Gx,290.0,415.0,704.0,467.0,469.0
swing18_median_Ax,58.0,640.0,834.5,349.0,470.375
swing19_min_Gy,728.5,635.0,372.0,148.0,470.875
swing24_mean_Az,728.5,216.0,704.0,235.0,470.875
swing25_std_Gx,529.0,174.0,463.5,717.5,471.0
swing10_mean_Ay,728.5,287.0,372.0,499.0,471.625
swing19_std_Ax,728.5,328.0,704.0,128.0,472.125
swing13_mean_Gx,250.0,555.0,372.0,717.5,473.625
swing13_min_Gy,299.0,719.0,160.5,717.5,474.0
swing7_rms_Ay,462.0,565.0,704.0,165.0,474.0
swing23_median_Gz,317.0,158.0,704.0,717.5,474.125
swing25_median_Ay,381.0,510.0,579.0,427.0,474.25
swing9_max_Gx,303.0,257.0,834.5,503.0,474.375
swing8_median_Gy,17.0,587.0,579.0,717.5,475.125
swing6_std_Gz,549.0,574.0,372.0,407.0,475.5
swing9_min_Ax,163.0,714.0,307.5,717.5,475.5
swing26_std_Gx,376.0,230.0,579.0,717.5,475.625
swing25_median_Gz,728.5,297.0,160.5,717.5,475.875
swing23_min_Az,26.0,458.0,704.0,717.5,476.375
swing10_rms_Az,485.0,242.0,463.5,717.5,477.0
swing5_rms_Gy,183.0,703.0,307.5,717.5,477.75
swing18_std_Gx,728.5,330.0,372.0,481.0,477.875
swing19_std_Gx,728.5,299.0,372.0,519.0,479.625
swing7_rms_Gy,728.5,529.0,579.0,88.0,481.125
swing4_rms_Gz,285.0,550.0,372.0,717.5,481.125
swing12_std_Gy,446.0,643.0,372.0,468.0,482.25
swing11_std_Ax,728.5,240.0,579.0,394.0,485.375
swing5_rms_Gz,361.0,291.0,579.0,717.5,487.125
swing26_min_Gy,38.0,739.0,463.5,717.5,489.5
swing24_std_Gz,189.0,473.0,579.0,717.5,489.625
swing9_median_Gy,728.5,352.0,160.5,717.5,489.625
swing20_mean_Gx,523.0,347.0,372.0,717.5,489.875
swing13_median_Ay,495.0,608.0,139.5,717.5,490.0
swing17_min_Ax,319.0,765.0,160.5,717.5,490.5
swing15_rms_Gx,728.5,212.0,704.0,319.0,490.875
swing5_min_Ax,728.5,736.0,75.0,426.0,491.375
swing7_std_Ax,413.0,263.0,579.0,717.5,493.125
swing10_median_Ay,251.0,752.0,256.0,717.5,494.125
swing21_rms_Gx,728.5,359.0,372.0,518.0,494.375
swing10_median_Ax,207.0,684.0,372.0,717.5,495.125
swing11_mean_Gy,526.0,428.0,834.5,195.0,495.875
swing21_std_Ay,314.0,381.0,579.0,717.5,497.875
swing14_min_Ax,728.5,627.0,215.0,422.0,498.125
swing12_max_Gx,728.5,208.0,579.0,478.0,498.375
swing6_rms_Gz,471.0,528.0,463.5,531.0,498.375
swing6_median_Gy,365.0,449.0,463.5,717.5,498.75
swing24_min_Az,387.0,634.0,579.0,398.0,499.5
swing12_median_Ax,354.0,779.0,704.0,164.0,500.25
swing7_rms_Gz,540.0,516.0,579.0,366.0,500.25
swing5_min_Az,519.0,511.0,256.0,717.5,500.875
swing22_median_Ay,256.0,327.0,704.0,717.5,501.125
swing3_min_Gy,254.0,571.0,463.5,717.5,501.5
swing16_min_Ax,291.0,691.0,307.5,717.5,501.75
swing24_std_Gy,728.5,404.0,463.5,413.0,502.25
swing10_std_Ax,728.5,360.0,579.0,344.0,502.875
swing23_min_Ay,233.0,742.0,579.0,458.0,503.0
swing3_rms_Ay,728.5,422.0,463.5,400.0,503.5
swing6_rms_Gy,489.0,874.0,215.0,437.0,503.75
swing11_mean_Gx,728.5,283.0,704.0,300.0,503.875
swing4_std_Ay,333.0,505.0,463.5,717.5,504.75
swing18_rms_Gx,728.5,476.0,704.0,111.0,504.875
swing16_min_Az,451.0,392.0,463.5,717.5,506.0
swing16_median_Ax,445.0,710.0,463.5,406.0,506.125
swing2_min_Az,728.5,656.0,372.0,270.0,506.625
swing17_median_Ax,533.0,658.0,307.5,530.0,507.125
swing22_rms_Gx,728.5,321.0,463.5,520.0,508.25
swing8_min_Ax,502.0,235.0,579.0,717.5,508.375
swing6_std_Gx,728.5,341.0,256.0,717.5,510.75
swing24_mean_Gy,384.0,518.0,704.0,442.0,512.0
swing14_min_Gy,498.0,578.0,256.0,717.5,512.375
swing18_mean_Gy,432.0,445.0,704.0,469.0,512.5
swing3_min_Ax,480.0,280.0,579.0,717.5,514.125
swing17_median_Gx,728.5,530.0,463.5,336.0,514.5
swing4_std_Gy,404.0,332.0,834.5,491.0,515.375
swing15_std_Gx,728.5,284.0,579.0,470.0,515.375
swing5_max_Az,441.0,616.0,704.0,301.0,515.5
swing5_min_Gy,380.0,507.0,463.5,717.5,517.0
swing24_median_Gx,728.5,490.0,463.5,386.0,517.0
swing15_median_Gx,728.5,151.0,704.0,485.0,517.125
swing8_std_Gy,318.0,600.0,704.0,447.0,517.25
swing6_mean_Gx,728.5,567.0,463.5,310.0,517.25
swing21_min_Gy,544.0,717.0,372.0,439.0,518.0
swing21_std_Gx,552.0,690.0,463.5,368.0,518.375
swing18_median_Gy,302.0,659.0,834.5,278.0,518.375
swing11_median_Gy,728.5,632.0,372.0,347.0,519.875
swing9_std_Gx,728.5,329.0,307.5,717.5,520.625
swing16_median_Gy,728.5,774.0,463.5,117.0,520.75
swing25_rms_Gy,286.0,764.0,579.0,455.0,521.0
swing10_min_Ax,728.5,625.0,372.0,359.0,521.125
swing20_min_Gy,504.0,497.0,372.0,717.5,522.625
swing26_mean_Gx,455.0,637.0,579.0,421.0,523.0
swing24_median_Ay,728.5,403.0,463.5,498.0,523.25
swing6_max_Gx,476.0,197.0,704.0,717.5,523.625
swing25_max_Az,728.5,542.0,307.5,517.0,523.75
swing26_max_Az,728.5,492.0,579.0,297.0,524.125
swing25_min_Az,437.0,365.0,834.5,460.0,524.125
swing21_min_Ay,728.5,395.0,256.0,717.5,524.25
swing24_rms_Gz,728.5,282.0,372.0,717.5,525.0
swing25_std_Ax,728.5,241.0,704.0,430.0,525.875
swing2_mean_Ax,358.0,566.0,463.5,717.5,526.25
swing14_std_Ax,728.5,432.0,463.5,482.0,526.5
swing2_median_Gx,461.0,350.0,579.0,717.5,526.875
swing8_min_Gx,448.0,880.0,579.0,202.0,527.25
swing12_max_Az,728.5,499.0,579.0,303.0,527.375
swing26_mean_Gz,728.5,314.0,704.0,365.0,527.875
swing7_mean_Gx,728.5,292.0,704.0,387.0,527.875
swing20_std_Gx,728.5,552.0,579.0,254.0,528.375
swing26_min_Ax,497.0,698.0,704.0,215.0,528.5
swing8_max_Az,266.0,669.0,463.5,717.5,529.0
swing6_min_Gy,508.0,338.0,834.5,438.0,529.625
swing22_mean_Ay,326.0,612.0,463.5,717.5,529.75
swing24_min_Ay,728.5,544.0,704.0,144.0,530.125
swing22_mean_Gy,425.0,401.0,579.0,717.5,530.625
swing22_std_Ax,728.5,369.0,307.5,717.5,530.625
swing11_std_Gy,374.0,453.0,579.0,717.5,530.875
swing10_rms_Ay,728.5,308.0,372.0,717.5,531.5
swing16_min_Gy,236.0,802.0,372.0,717.5,531.875
swing5_median_Ay,287.0,546.0,579.0,717.5,532.375
swing23_std_Gz,728.5,423.0,579.0,399.0,532.375
swing18_mean_Ay,439.0,394.0,579.0,717.5,532.375
swing19_max_Az,728.5,468.0,463.5,474.0,533.5
swing17_mean_Gx,728.5,767.0,579.0,60.0,533.625
swing3_std_Gz,728.5,631.0,579.0,197.0,533.875
swing18_std_Gz,153.0,564.0,704.0,717.5,534.625
swing18_rms_Ay,501.0,694.0,704.0,241.0,535.0
swing13_max_Az,728.5,535.0,160.5,717.5,535.375
swing4_min_Az,728.5,356.0,579.0,480.0,535.875
swing17_median_Gz,728.5,326.0,372.0,717.5,536.0
swing9_rms_Gx,728.5,444.0,256.0,717.5,536.5
swing23_max_Az,728.5,777.0,186.5,459.0,537.75
swing20_std_Ay,546.0,750.0,704.0,151.0,537.75
swing7_std_Ay,728.5,592.0,579.0,252.0,537.875
swing26_min_Az,235.0,498.0,704.0,717.5,538.625
swing3_std_Ay,426.0,548.0,463.5,717.5,538.75
swing4_rms_Gy,728.5,692.0,256.0,488.0,541.125
swing11_rms_Gx,728.5,228.0,704.0,507.0,541.875
swing20_median_Ay,391.0,480.0,579.0,717.5,541.875
swing17_rms_Az,531.0,87.0,834.5,717.5,542.5
swing18_median_Gx,728.5,419.0,307.5,717.5,543.125
swing8_max_Gx,728.5,487.0,463.5,496.0,543.75
swing8_mean_Gx,242.0,723.0,704.0,506.0,543.75
swing8_std_Ay,383.0,607.0,704.0,489.0,545.75
swing6_median_Ax,728.5,816.0,463.5,177.0,546.25
swing26_std_Gy,728.5,371.0,372.0,717.5,547.25
swing13_min_Ay,728.5,166.0,579.0,717.5,547.75
swing22_rms_Gz,728.5,340.0,704.0,423.0,548.875
swing16_rms_Gy,77.0,823.0,579.0,717.5,549.125
swing9_mean_Gy,370.0,532.0,579.0,717.5,549.625
swing11_rms_Ay,409.0,493.0,579.0,717.5,549.625
swing23_mean_Gx,170.0,733.0,579.0,717.5,549.875
swing13_max_Gx,728.5,652.0,704.0,116.0,550.125
swing26_rms_Gz,728.5,657.0,307.5,509.0,550.5
swing10_std_Gx,728.5,293.0,463.5,717.5,550.625
swing13_median_Ax,117.0,666.0,704.0,717.5,551.125
swing18_std_Ax,728.5,300.0,463.5,717.5,552.375
swing11_max_Az,728.5,729.0,579.0,187.0,555.875
swing18_min_Ay,222.0,705.0,579.0,717.5,555.875
swing10_std_Az,728.5,199.0,579.0,717.5,556.0
swing26_min_Ay,316.0,762.0,704.0,443.0,556.25
swing18_rms_Gy,728.5,409.0,372.0,717.5,556.75
swing23_rms_Gy,444.0,489.0,579.0,717.5,557.375
swing2_std_Gy,728.5,469.0,704.0,339.0,560.125
swing2_rms_Gx,728.5,543.0,256.0,717.5,561.25
swing6_max_Az,728.5,575.0,463.5,483.0,562.5
swing20_rms_Ay,516.0,800.0,834.5,103.0,563.375
swing26_median_Ax,164.0,793.0,579.0,717.5,563.375
swing16_max_Gx,728.5,229.0,579.0,717.5,563.5
swing17_rms_Ay,728.5,231.0,579.0,717.5,564.0
swing15_min_Gy,728.5,670.0,579.0,280.0,564.375
swing5_mean_Gx,89.0,620.0,834.5,717.5,565.25
swing22_std_Gx,728.5,239.0,579.0,717.5,566.0
swing13_rms_Gy,366.0,614.0,579.0,717.5,569.125
swing24_rms_Gx,728.5,254.0,579.0,717.5,569.75
swing12_min_Gx,149.0,882.0,834.5,414.0,569.875
swing22_std_Gy,728.5,747.0,372.0,440.0,571.875
swing2_mean_Gy,728.5,265.0,579.0,717.5,572.5
swing4_std_Ax,728.5,269.0,579.0,717.5,573.5
swing12_std_Gx,728.5,388.0,463.5,717.5,574.375
swing22_max_Az,728.5,390.0,463.5,717.5,574.875
swing5_min_Ay,728.5,478.0,704.0,390.0,575.125
swing17_median_Ay,328.0,677.0,579.0,717.5,575.375
swing21_median_Ax,162.0,588.0,834.5,717.5,575.5
swing14_mean_Gy,728.5,524.0,704.0,346.0,575.625
swing10_std_Gz,321.0,686.0,579.0,717.5,575.875
swing8_min_Gz,185.0,824.0,579.0,717.5,576.375
swing25_rms_Gx,728.5,286.0,579.0,717.5,577.75
swing10_min_Ay,728.5,533.0,579.0,472.0,578.125
swing2_std_Gz,296.0,828.0,704.0,486.0,578.5
swing14_max_Az,728.5,289.0,579.0,717.5,578.5
swing7_mean_Ay,728.5,294.0,579.0,717.5,579.75
swing2_mean_Gx,372.0,651.0,579.0,717.5,579.875
swing20_median_Gy,728.5,411.0,463.5,717.5,580.125
swing24_max_Az,479.0,663.0,463.5,717.5,580.75
swing9_mean_Ay,728.5,376.0,704.0,515.0,580.875
swing26_max_Gy,281.0,866.0,463.5,717.5,582.0
swing16_max_Az,511.0,716.0,579.0,522.0,582.0
swing7_min_Ay,728.5,307.0,579.0,717.5,583.0
swing19_median_Ax,259.0,778.0,579.0,717.5,583.375
swing17_min_Gy,542.0,611.0,463.5,717.5,583.5
swing4_min_Gy,300.0,738.0,579.0,717.5,583.625
swing14_median_Gy,336.0,577.0,704.0,717.5,583.625
swing24_std_Ax,728.5,186.0,704.0,717.5,584.0
swing4_min_Ax,728.5,429.0,463.5,717.5,584.625
swing5_median_Gx,728.5,623.0,704.0,284.0,584.875
swing18_min_Ax,728.5,649.0,256.0,717.5,587.75
swing21_rms_Gz,728.5,547.0,704.0,373.0,588.125
swing16_min_Gx,728.5,754.0,579.0,296.0,589.375
swing8_rms_Gx,535.0,417.0,704.0,717.5,593.375
swing3_mean_Gx,728.5,772.0,579.0,298.0,594.375
swing21_median_Gx,728.5,804.0,372.0,473.0,594.375
swing11_min_Ay,547.0,410.0,704.0,717.5,594.625
swing11_median_Gx,728.5,839.0,463.5,348.0,594.75
swing4_rms_Ay,728.5,661.0,463.5,526.0,594.75
swing2_rms_Ay,728.5,561.0,372.0,717.5,594.75
swing25_std_Gz,728.5,699.0,579.0,376.0,595.625
swing15_mean_Gx,728.5,759.0,579.0,316.0,595.625
swing21_rms_Gy,728.5,720.0,579.0,356.0,595.875
swing26_std_Ax,728.5,475.0,463.5,717.5,596.125
swing16_median_Ay,431.0,402.0,834.5,717.5,596.25
swing13_min_Az,728.5,671.0,463.5,523.0,596.5
swing12_median_Gy,728.5,655.0,579.0,425.0,596.875
swing23_std_Gy,728.5,479.0,463.5,717.5,597.125
swing25_min_Ay,728.5,584.0,372.0,717.5,600.5
swing21_min_Gx,728.5,840.0,463.5,371.0,600.75
swing9_std_Gy,728.5,799.0,372.0,505.0,601.125
swing24_mean_Gx,161.0,693.0,834.5,717.5,601.5
swing22_min_Ay,728.5,267.0,704.0,717.5,604.25
swing15_mean_Gy,728.5,421.0,834.5,434.0,604.5
swing12_min_Ay,728.5,602.0,372.0,717.5,605.0
swing9_rms_Gy,375.0,865.0,463.5,717.5,605.25
swing3_median_Ax,312.0,557.0,834.5,717.5,605.25
swing13_rms_Gz,728.5,679.0,704.0,322.0,608.375
swing17_std_Gz,500.0,844.0,372.0,717.5,608.375
swing15_rms_Ay,728.5,495.0,704.0,510.0,609.375
swing6_min_Ax,493.0,525.0,704.0,717.5,609.875
swing24_rms_Ay,506.0,514.0,704.0,717.5,610.375
swing13_std_Ax,728.5,420.0,579.0,717.5,611.25
swing11_min_Ax,728.5,454.0,834.5,429.0,611.5
swing2_std_Ax,728.5,540.0,463.5,717.5,612.375
swing25_std_Gy,460.0,811.0,463.5,717.5,613.0
swing17_std_Gy,483.0,551.0,704.0,717.5,613.875
swing3_min_Az,728.5,431.0,579.0,717.5,614.0
swing19_std_Ay,527.0,841.0,372.0,717.5,614.375
swing14_rms_Gz,728.5,618.0,834.5,283.0,616.0
swing11_rms_Gz,728.5,556.0,463.5,717.5,616.375
swing21_max_Az,534.0,753.0,463.5,717.5,617.0
swing3_median_Ay,524.0,523.0,704.0,717.5,617.125
swing24_max_Gy,406.0,803.0,834.5,433.0,619.125
swing4_max_Az,728.5,455.0,834.5,463.0,620.25
swing16_std_Ay,728.5,721.0,834.5,198.0,620.5
swing16_mean_Gx,545.0,519.0,704.0,717.5,621.375
swing3_max_Az,728.5,553.0,704.0,501.0,621.625
swing13_mean_Gy,728.5,463.0,579.0,717.5,622.0
swing25_rms_Ay,728.5,342.0,704.0,717.5,623.0
swing25_median_Gx,728.5,798.0,463.5,502.0,623.0
swing9_std_Ax,728.5,344.0,704.0,717.5,623.5
swing24_std_Gx,513.0,687.0,579.0,717.5,624.125
swing9_max_Gy,728.5,591.0,463.5,717.5,625.125
swing16_std_Gx,728.5,353.0,704.0,717.5,625.75
swing26_std_Ay,530.0,678.0,579.0,717.5,626.125
swing8_mean_Gy,728.5,481.0,579.0,717.5,626.5
swing9_max_Az,728.5,598.0,463.5,717.5,626.875
swing23_min_Gx,728.5,545.0,834.5,401.0,627.25
swing15_std_Gy,728.5,830.0,704.0,247.0,627.375
swing11_min_Gx,494.0,780.0,704.0,532.0,627.5
swing21_mean_Gx,728.5,604.0,463.5,717.5,628.375
swing4_mean_Ay,728.5,234.0,834.5,717.5,628.625
swing7_min_Gy,728.5,697.0,372.0,717.5,628.75
swing15_std_Gz,464.0,501.0,834.5,717.5,629.25
swing12_median_Gx,728.5,641.0,704.0,446.0,629.875
swing21_std_Gy,728.5,688.0,704.0,405.0,631.375
swing14_median_Ax,728.5,737.0,704.0,358.0,631.875
swing7_rms_Gx,728.5,380.0,704.0,717.5,632.5
swing12_std_Ay,728.5,382.0,704.0,717.5,633.0
swing25_min_Gy,466.0,775.0,579.0,717.5,634.375
swing4_std_Gz,728.5,630.0,463.5,717.5,634.875
swing19_std_Gy,728.5,520.0,579.0,717.5,636.25
swing19_mean_Gx,728.5,636.0,463.5,717.5,636.375
swing18_std_Ay,543.0,581.0,704.0,717.5,636.375
swing19_rms_Gy,728.5,794.0,307.5,717.5,636.875
swing17_rms_Gz,419.0,583.0,834.5,717.5,638.5
swing24_min_Gz,224.0,781.0,834.5,717.5,639.25
swing19_rms_Ay,418.0,724.0,704.0,717.5,640.875
swing7_std_Gy,728.5,654.0,463.5,717.5,640.875
swing13_max_Gy,728.5,744.0,704.0,389.0,641.375
swing22_min_Gx,728.5,852.0,579.0,412.0,642.875
swing18_max_Gy,728.5,818.0,834.5,191.0,643.0
swing6_max_Gy,728.5,850.0,834.5,168.0,645.25
swing5_min_Gx,728.5,862.0,704.0,291.0,646.375
swing22_std_Gz,728.5,639.0,704.0,516.0,646.875
swing18_rms_Gz,728.5,441.0,704.0,717.5,647.75
swing22_median_Gy,728.5,568.0,579.0,717.5,648.25
swing3_std_Gy,728.5,448.0,704.0,717.5,649.5
swing24_std_Ay,728.5,788.0,704.0,378.0,649.625
swing16_std_Gz,382.0,665.0,834.5,717.5,649.75
swing7_min_Gz,728.5,702.0,834.5,335.0,650.0
swing12_rms_Ay,728.5,580.0,579.0,717.5,651.25
swing15_rms_Gy,728.5,743.0,704.0,431.0,651.625
swing15_median_Ax,728.5,682.0,834.5,363.0,652.0
swing20_min_Ax,728.5,462.0,704.0,717.5,653.0
swing2_rms_Gy,728.5,797.0,372.0,717.5,653.75
swing18_mean_Gx,728.5,748.0,704.0,436.0,654.125
swing22_std_Ay,728.5,708.0,463.5,717.5,654.375
swing10_rms_Gz,728.5,474.0,704.0,717.5,656.0
swing14_mean_Gx,728.5,599.0,579.0,717.5,656.0
swing11_std_Ay,728.5,813.0,372.0,717.5,657.75
swing14_std_Ay,486.0,593.0,834.5,717.5,657.75
swing13_median_Gy,728.5,685.0,704.0,514.0,657.875
swing5_rms_Ay,728.5,482.0,704.0,717.5,658.0
swing6_std_Gy,728.5,785.0,704.0,418.0,658.875
swing12_rms_Gy,728.5,727.0,463.5,717.5,659.125
swing22_rms_Gy,728.5,728.0,463.5,717.5,659.375
swing2_mean_Ay,728.5,491.0,704.0,717.5,660.25
swing14_rms_Gy,728.5,619.0,579.0,717.5,661.0
swing23_std_Ay,728.5,735.0,463.5,717.5,661.125
swing13_min_Gx,728.5,796.0,704.0,417.0,661.375
swing7_max_Gx,728.5,366.0,834.5,717.5,661.625
swing2_min_Gy,417.0,681.0,834.5,717.5,662.5
swing10_std_Ay,728.5,834.0,372.0,717.5,663.0
swing3_min_Ay,728.5,732.0,834.5,357.0,663.0
swing6_std_Ay,728.5,508.0,704.0,717.5,664.5
swing19_max_Gx,728.5,378.0,834.5,717.5,664.625
swing20_median_Ax,509.0,730.0,704.0,717.5,665.125
swing13_std_Ay,490.0,749.0,704.0,717.5,665.125
swing22_median_Gx,728.5,756.0,834.5,345.0,666.0
swing15_max_Gx,728.5,386.0,834.5,717.5,666.625
swing19_max_Gz,728.5,873.0,834.5,232.0,667.0
swing5_std_Ay,728.5,644.0,579.0,717.5,667.25
swing8_rms_Gy,728.5,761.0,463.5,717.5,667.625
swing7_min_Gx,728.5,854.0,372.0,717.5,668.0
swing14_std_Gz,550.0,706.0,704.0,717.5,669.375
swing22_rms_Ay,728.5,807.0,834.5,309.0,669.75
swing9_std_Ay,728.5,653.0,834.5,477.0,673.25
swing26_max_Gx,728.5,413.0,834.5,717.5,673.375
swing9_std_Gz,728.5,792.0,463.5,717.5,675.375
swing15_max_Gy,728.5,554.0,704.0,717.5,676.0
swing20_std_Gz,728.5,648.0,834.5,495.0,676.5
swing24_mean_Ay,728.5,570.0,704.0,717.5,680.0
swing12_max_Gy,728.5,701.0,579.0,717.5,681.5
swing25_mean_Gx,728.5,447.0,834.5,717.5,681.875
swing15_median_Ay,728.5,596.0,704.0,717.5,686.5
swing3_rms_Gy,728.5,722.0,579.0,717.5,686.75
swing11_std_Gz,728.5,725.0,579.0,717.5,687.5
swing16_min_Ay,728.5,601.0,704.0,717.5,687.75
swing24_median_Ax,728.5,833.0,704.0,487.0,688.125
swing9_rms_Gz,728.5,606.0,704.0,717.5,689.0
swing2_max_Gz,728.5,858.0,834.5,338.0,689.75
swing12_min_Gy,728.5,740.0,579.0,717.5,691.25
swing25_max_Gy,728.5,895.0,834.5,312.0,692.5
swing19_rms_Gz,728.5,622.0,704.0,717.5,693.0
swing22_max_Gx,728.5,755.0,579.0,717.5,695.0
swing21_min_Gz,728.5,838.0,834.5,388.0,697.25
swing20_std_Ax,728.5,766.0,579.0,717.5,697.75
swing8_max_Gy,728.5,512.0,834.5,717.5,698.125
swing12_std_Gz,728.5,769.0,579.0,717.5,698.5
swing23_max_Gz,467.0,787.0,834.5,717.5,701.5
swing4_max_Gy,728.5,526.0,834.5,717.5,701.625
swing16_rms_Ay,728.5,782.0,834.5,464.0,702.25
swing17_std_Gx,728.5,531.0,834.5,717.5,702.875
swing14_rms_Ay,728.5,790.0,579.0,717.5,703.75
swing19_std_Gz,728.5,668.0,704.0,717.5,704.5
swing7_std_Gz,728.5,673.0,704.0,717.5,705.75
swing4_mean_Gx,728.5,676.0,704.0,717.5,706.5
swing26_rms_Ay,728.5,809.0,579.0,717.5,708.5
swing8_min_Ay,728.5,558.0,834.5,717.5,709.625
swing24_median_Gz,728.5,689.0,704.0,717.5,709.75
swing5_std_Gy,728.5,695.0,704.0,717.5,711.25
swing16_max_Gy,423.0,872.0,834.5,717.5,711.75
swing9_min_Gz,728.5,855.0,834.5,432.0,712.5
swing5_max_Gx,728.5,576.0,834.5,717.5,714.125
swing10_max_Gy,728.5,711.0,704.0,717.5,715.25
swing19_min_Gx,728.5,712.0,704.0,717.5,715.5
swing19_min_Ay,728.5,582.0,834.5,717.5,715.625
swing2_rms_Gz,728.5,585.0,834.5,717.5,716.375
swing13_std_Gz,728.5,842.0,579.0,717.5,716.75
swing20_max_Az,728.5,589.0,834.5,717.5,717.375
swing15_min_Ay,728.5,726.0,704.0,717.5,719.0
swing10_mean_Gx,728.5,597.0,834.5,717.5,719.375
swing14_min_Ay,728.5,603.0,834.5,717.5,720.875
swing8_rms_Ay,728.5,751.0,704.0,717.5,725.25
swing19_max_Gy,728.5,624.0,834.5,717.5,726.125
swing11_max_Gx,728.5,626.0,834.5,717.5,726.625
swing9_min_Gx,728.5,758.0,704.0,717.5,727.0
swing10_min_Gx,728.5,868.0,834.5,479.0,727.5
swing2_min_Gx,728.5,895.0,834.5,454.0,728.0
swing6_min_Gz,728.5,650.0,834.5,717.5,732.625
swing26_min_Gx,507.0,876.0,834.5,717.5,733.75
swing18_min_Gx,728.5,789.0,704.0,717.5,734.75
swing10_rms_Gy,728.5,660.0,834.5,717.5,735.125
swing23_min_Gy,728.5,664.0,834.5,717.5,736.125
swing23_max_Gy,728.5,675.0,834.5,717.5,738.875
swing4_min_Gx,728.5,806.0,704.0,717.5,739.0
swing2_max_Gy,728.5,826.0,704.0,717.5,744.0
swing2_min_Gz,728.5,827.0,704.0,717.5,744.25
swing11_rms_Gy,728.5,718.0,834.5,717.5,749.625
swing23_min_Gz,728.5,856.0,704.0,717.5,751.5
swing15_min_Gx,728.5,859.0,704.0,717.5,752.25
swing7_median_Ax,728.5,734.0,834.5,717.5,753.625
swing20_max_Gy,728.5,746.0,834.5,717.5,756.625
swing3_min_Gz,728.5,881.0,704.0,717.5,757.75
swing11_max_Gy,728.5,895.0,704.0,717.5,761.25
swing20_min_Gx,728.5,895.0,704.0,717.5,761.25
swing4_min_Ay,728.5,770.0,834.5,717.5,762.625
swing10_max_Gx,728.5,771.0,834.5,717.5,762.875
swing25_std_Ay,728.5,773.0,834.5,717.5,763.375
swing14_median_Gx,728.5,784.0,834.5,717.5,766.125
swing24_min_Gx,728.5,786.0,834.5,717.5,766.625
swing4_median_Ax,728.5,791.0,834.5,717.5,767.875
swing17_min_Gx,728.5,795.0,834.5,717.5,768.875
swing5_median_Ax,728.5,805.0,834.5,717.5,771.375
swing3_max_Gy,728.5,808.0,834.5,717.5,772.125
swing22_max_Gy,728.5,812.0,834.5,717.5,773.125
swing8_median_Ax,728.5,814.0,834.5,717.5,773.625
swing20_max_Gz,728.5,815.0,834.5,717.5,773.875
swing13_max_Gz,728.5,817.0,834.5,717.5,774.375
swing15_std_Ay,728.5,819.0,834.5,717.5,774.875
swing10_max_Gz,728.5,820.0,834.5,717.5,775.125
swing2_max_Gx,728.5,821.0,834.5,717.5,775.375
swing16_min_Gz,728.5,822.0,834.5,717.5,775.625
swing7_max_Gy,728.5,829.0,834.5,717.5,777.375
swing21_max_Gz,728.5,832.0,834.5,717.5,778.125
swing25_max_Gz,728.5,835.0,834.5,717.5,778.875
swing25_min_Gz,728.5,836.0,834.5,717.5,779.125
swing5_min_Gz,728.5,837.0,834.5,717.5,779.375
swing3_max_Gz,728.5,843.0,834.5,717.5,780.875
swing8_max_Gz,728.5,845.0,834.5,717.5,781.375
swing11_min_Gz,728.5,846.0,834.5,717.5,781.625
swing16_max_Gz,728.5,847.0,834.5,717.5,781.875
swing17_min_Gz,728.5,848.0,834.5,717.5,782.125
swing22_mean_Gx,728.5,849.0,834.5,717.5,782.375
swing18_min_Gz,728.5,851.0,834.5,717.5,782.875
swing13_min_Gz,728.5,853.0,834.5,717.5,783.375
swing22_min_Gz,728.5,857.0,834.5,717.5,784.375
swing24_max_Gz,728.5,860.0,834.5,717.5,785.125
swing10_min_Gz,728.5,861.0,834.5,717.5,785.375
swing5_max_Gy,728.5,863.0,834.5,717.5,785.875
swing9_max_Gz,728.5,864.0,834.5,717.5,786.125
swing20_min_Gz,728.5,867.0,834.5,717.5,786.875
swing14_min_Gx,728.5,869.0,834.5,717.5,787.375
swing12_min_Gz,728.5,870.0,834.5,717.5,787.625
swing3_min_Gx,728.5,871.0,834.5,717.5,787.875
swing6_min_Gx,728.5,875.0,834.5,717.5,788.875
swing22_max_Gz,728.5,877.0,834.5,717.5,789.375
swing14_max_Gy,728.5,878.0,834.5,717.5,789.625
swing26_max_Gz,728.5,879.0,834.5,717.5,789.875
swing17_max_Gy,728.5,883.0,834.5,717.5,790.875
swing4_max_Gz,728.5,884.0,834.5,717.5,791.125
swing17_max_Gz,728.5,885.0,834.5,717.5,791.375
swing15_max_Gz,728.5,886.0,834.5,717.5,791.625
swing5_max_Gz,728.5,887.0,834.5,717.5,791.875
swing12_max_Gz,728.5,895.0,834.5,717.5,793.875
swing14_min_Gz,728.5,895.0,834.5,717.5,793.875
swing4_min_Gz,728.5,895.0,834.5,717.5,793.875
swing11_max_Gz,728.5,895.0,834.5,717.5,793.875
swing18_max_Gz,728.5,895.0,834.5,717.5,793.875
swing15_min_Gz,728.5,895.0,834.5,717.5,793.875
swing6_max_Gz,728.5,895.0,834.5,717.5,793.875
swing19_min_Gz,728.5,895.0,834.5,717.5,793.875
swing21_max_Gy,728.5,895.0,834.5,717.5,793.875
swing14_max_Gz,728.5,895.0,834.5,717.5,793.875
swing7_max_Gz,728.5,895.0,834.5,717.5,793.875
