unique_id,gender,hold racket handed,play years_0,play years_1,play years_2,level_2,level_3,level_4,level_5
1968,0.9682,0.5,0.3333,0.3333,0.3334,0.25,0.25,0.25,0.25
1969,0.9866,0.5,0.3333,0.3333,0.3334,0.25,0.25,0.25,0.25
1970,0.9879,0.5,0.3333,0.3333,0.3334,0.25,0.25,0.25,0.25
1971,0.9977,0.5,0.3333,0.3333,0.3334,0.25,0.25,0.25,0.25
1972,0.8079,0.5,0.3333,0.3333,0.3334,0.25,0.25,0.25,0.25
1973,0.9767,0.5,0.3333,0.3333,0.3334,0.25,0.25,0.25,0.25
1974,0.9921,0.5,0.3333,0.3333,0.3334,0.25,0.25,0.25,0.25
1975,0.9997,0.5,0.3333,0.3333,0.3334,0.25,0.25,0.25,0.25
1976,0.9612,0.5,0.3333,0.3333,0.3334,0.25,0.25,0.25,0.25
1977,0.9866,0.5,0.3333,0.3333,0.3334,0.25,0.25,0.25,0.25
1978,0.9955,0.5,0.3333,0.3333,0.3334,0.25,0.25,0.25,0.25
1979,0.9489,0.5,0.3333,0.3333,0.3334,0.25,0.25,0.25,0.25
1980,0.1913,0.5,0.3333,0.3333,0.3334,0.25,0.25,0.25,0.25
1981,0.899,0.5,0.3333,0.3333,0.3334,0.25,0.25,0.25,0.25
1982,0.9999,0.5,0.3333,0.3333,0.3334,0.25,0.25,0.25,0.25
1983,0.9749,0.5,0.3333,0.3333,0.3334,0.25,0.25,0.25,0.25
1984,0.9616,0.5,0.3333,0.3333,0.3334,0.25,0.25,0.25,0.25
1985,0.999,0.5,0.3333,0.3333,0.3334,0.25,0.25,0.25,0.25
1986,0.9668,0.5,0.3333,0.3333,0.3334,0.25,0.25,0.25,0.25
1987,0.9904,0.5,0.3333,0.3333,0.3334,0.25,0.25,0.25,0.25
1988,0.9891,0.5,0.3333,0.3333,0.3334,0.25,0.25,0.25,0.25
1989,0.9765,0.5,0.3333,0.3333,0.3334,0.25,0.25,0.25,0.25
1990,0.9987,0.5,0.3333,0.3333,0.3334,0.25,0.25,0.25,0.25
1991,0.9265,0.5,0.3333,0.3333,0.3334,0.25,0.25,0.25,0.25
1992,0.6988,0.5,0.3333,0.3333,0.3334,0.25,0.25,0.25,0.25
1993,0.8435,0.5,0.3333,0.3333,0.3334,0.25,0.25,0.25,0.25
1994,0.9999,0.5,0.3333,0.3333,0.3334,0.25,0.25,0.25,0.25
1995,0.2846,0.5,0.3333,0.3333,0.3334,0.25,0.25,0.25,0.25
1996,0.0,0.5,0.3333,0.3333,0.3334,0.25,0.25,0.25,0.25
1997,0.8825,0.5,0.3333,0.3333,0.3334,0.25,0.25,0.25,0.25
1998,0.9994,0.5,0.3333,0.3333,0.3334,0.25,0.25,0.25,0.25
1999,0.9914,0.5,0.3333,0.3333,0.3334,0.25,0.25,0.25,0.25
2000,0.6851,0.5,0.3333,0.3333,0.3334,0.25,0.25,0.25,0.25
2001,0.6541,0.5,0.3333,0.3333,0.3334,0.25,0.25,0.25,0.25
2002,0.9977,0.5,0.3333,0.3333,0.3334,0.25,0.25,0.25,0.25
2003,0.8366,0.5,0.3333,0.3333,0.3334,0.25,0.25,0.25,0.25
2004,0.8182,0.5,0.3333,0.3333,0.3334,0.25,0.25,0.25,0.25
2005,0.0091,0.5,0.3333,0.3333,0.3334,0.25,0.25,0.25,0.25
2006,1.0,0.5,0.3333,0.3333,0.3334,0.25,0.25,0.25,0.25
2007,0.9978,0.5,0.3333,0.3333,0.3334,0.25,0.25,0.25,0.25
2008,0.9585,0.5,0.3333,0.3333,0.3334,0.25,0.25,0.25,0.25
2009,0.2207,0.5,0.3333,0.3333,0.3334,0.25,0.25,0.25,0.25
2010,0.6941,0.5,0.3333,0.3333,0.3334,0.25,0.25,0.25,0.25
2011,0.9997,0.5,0.3333,0.3333,0.3334,0.25,0.25,0.25,0.25
2012,0.8332,0.5,0.3333,0.3333,0.3334,0.25,0.25,0.25,0.25
2013,0.5176,0.5,0.3333,0.3333,0.3334,0.25,0.25,0.25,0.25
2014,0.9985,0.5,0.3333,0.3333,0.3334,0.25,0.25,0.25,0.25
2015,0.6718,0.5,0.3333,0.3333,0.3334,0.25,0.25,0.25,0.25
2016,0.7432,0.5,0.3333,0.3333,0.3334,0.25,0.25,0.25,0.25
2017,0.9924,0.5,0.3333,0.3333,0.3334,0.25,0.25,0.25,0.25
2018,1.0,0.5,0.3333,0.3333,0.3334,0.25,0.25,0.25,0.25
2019,0.9991,0.5,0.3333,0.3333,0.3334,0.25,0.25,0.25,0.25
2020,0.4559,0.5,0.3333,0.3333,0.3334,0.25,0.25,0.25,0.25
2021,0.0319,0.5,0.3333,0.3333,0.3334,0.25,0.25,0.25,0.25
2022,0.684,0.5,0.3333,0.3333,0.3334,0.25,0.25,0.25,0.25
2023,0.9963,0.5,0.3333,0.3333,0.3334,0.25,0.25,0.25,0.25
2024,0.7803,0.5,0.3333,0.3333,0.3334,0.25,0.25,0.25,0.25
2025,0.9271,0.5,0.3333,0.3333,0.3334,0.25,0.25,0.25,0.25
2026,0.943,0.5,0.3333,0.3333,0.3334,0.25,0.25,0.25,0.25
2027,0.3,0.5,0.3333,0.3333,0.3334,0.25,0.25,0.25,0.25
2028,0.9993,0.5,0.3333,0.3333,0.3334,0.25,0.25,0.25,0.25
2029,0.9999,0.5,0.3333,0.3333,0.3334,0.25,0.25,0.25,0.25
2030,0.3153,0.5,0.3333,0.3333,0.3334,0.25,0.25,0.25,0.25
2031,0.9562,0.5,0.3333,0.3333,0.3334,0.25,0.25,0.25,0.25
2032,0.9912,0.5,0.3333,0.3333,0.3334,0.25,0.25,0.25,0.25
2033,0.7759,0.5,0.3333,0.3333,0.3334,0.25,0.25,0.25,0.25
2034,0.3011,0.5,0.3333,0.3333,0.3334,0.25,0.25,0.25,0.25
2035,0.9867,0.5,0.3333,0.3333,0.3334,0.25,0.25,0.25,0.25
2036,0.844,0.5,0.3333,0.3333,0.3334,0.25,0.25,0.25,0.25
2037,0.9975,0.5,0.3333,0.3333,0.3334,0.25,0.25,0.25,0.25
2038,1.0,0.5,0.3333,0.3333,0.3334,0.25,0.25,0.25,0.25
2039,1.0,0.5,0.3333,0.3333,0.3334,0.25,0.25,0.25,0.25
2040,0.9925,0.5,0.3333,0.3333,0.3334,0.25,0.25,0.25,0.25
2041,0.4486,0.5,0.3333,0.3333,0.3334,0.25,0.25,0.25,0.25
2042,0.998,0.5,0.3333,0.3333,0.3334,0.25,0.25,0.25,0.25
2043,0.9968,0.5,0.3333,0.3333,0.3334,0.25,0.25,0.25,0.25
2044,0.9968,0.5,0.3333,0.3333,0.3334,0.25,0.25,0.25,0.25
2045,0.8395,0.5,0.3333,0.3333,0.3334,0.25,0.25,0.25,0.25
2046,1.0,0.5,0.3333,0.3333,0.3334,0.25,0.25,0.25,0.25
2047,0.8372,0.5,0.3333,0.3333,0.3334,0.25,0.25,0.25,0.25
2048,0.9747,0.5,0.3333,0.3333,0.3334,0.25,0.25,0.25,0.25
2049,0.9992,0.5,0.3333,0.3333,0.3334,0.25,0.25,0.25,0.25
2050,0.9999,0.5,0.3333,0.3333,0.3334,0.25,0.25,0.25,0.25
2051,0.9981,0.5,0.3333,0.3333,0.3334,0.25,0.25,0.25,0.25
2052,0.9997,0.5,0.3333,0.3333,0.3334,0.25,0.25,0.25,0.25
2053,0.9818,0.5,0.3333,0.3333,0.3334,0.25,0.25,0.25,0.25
2054,0.9909,0.5,0.3333,0.3333,0.3334,0.25,0.25,0.25,0.25
2055,0.9933,0.5,0.3333,0.3333,0.3334,0.25,0.25,0.25,0.25
2056,0.99,0.5,0.3333,0.3333,0.3334,0.25,0.25,0.25,0.25
2057,0.0613,0.5,0.3333,0.3333,0.3334,0.25,0.25,0.25,0.25
2058,0.1298,0.5,0.3333,0.3333,0.3334,0.25,0.25,0.25,0.25
2059,0.0179,0.5,0.3333,0.3333,0.3334,0.25,0.25,0.25,0.25
2060,0.9962,0.5,0.3333,0.3333,0.3334,0.25,0.25,0.25,0.25
2061,0.8577,0.5,0.3333,0.3333,0.3334,0.25,0.25,0.25,0.25
2062,0.9587,0.5,0.3333,0.3333,0.3334,0.25,0.25,0.25,0.25
2063,0.9935,0.5,0.3333,0.3333,0.3334,0.25,0.25,0.25,0.25
2064,0.9795,0.5,0.3333,0.3333,0.3334,0.25,0.25,0.25,0.25
2065,0.7045,0.5,0.3333,0.3333,0.3334,0.25,0.25,0.25,0.25
2066,0.4747,0.5,0.3333,0.3333,0.3334,0.25,0.25,0.25,0.25
2067,0.5939,0.5,0.3333,0.3333,0.3334,0.25,0.25,0.25,0.25
2068,0.8332,0.5,0.3333,0.3333,0.3334,0.25,0.25,0.25,0.25
2069,0.8705,0.5,0.3333,0.3333,0.3334,0.25,0.25,0.25,0.25
2070,0.9468,0.5,0.3333,0.3333,0.3334,0.25,0.25,0.25,0.25
2071,0.9998,0.5,0.3333,0.3333,0.3334,0.25,0.25,0.25,0.25
2072,0.8595,0.5,0.3333,0.3333,0.3334,0.25,0.25,0.25,0.25
2073,1.0,0.5,0.3333,0.3333,0.3334,0.25,0.25,0.25,0.25
2074,0.0,0.5,0.3333,0.3333,0.3334,0.25,0.25,0.25,0.25
2075,0.99,0.5,0.3333,0.3333,0.3334,0.25,0.25,0.25,0.25
2076,0.9418,0.5,0.3333,0.3333,0.3334,0.25,0.25,0.25,0.25
2077,0.9732,0.5,0.3333,0.3333,0.3334,0.25,0.25,0.25,0.25
2078,0.9906,0.5,0.3333,0.3333,0.3334,0.25,0.25,0.25,0.25
2079,0.0305,0.5,0.3333,0.3333,0.3334,0.25,0.25,0.25,0.25
2080,0.9963,0.5,0.3333,0.3333,0.3334,0.25,0.25,0.25,0.25
2081,0.9999,0.5,0.3333,0.3333,0.3334,0.25,0.25,0.25,0.25
2082,0.8997,0.5,0.3333,0.3333,0.3334,0.25,0.25,0.25,0.25
2083,0.8601,0.5,0.3333,0.3333,0.3334,0.25,0.25,0.25,0.25
2084,0.991,0.5,0.3333,0.3333,0.3334,0.25,0.25,0.25,0.25
2085,0.9846,0.5,0.3333,0.3333,0.3334,0.25,0.25,0.25,0.25
2086,0.9801,0.5,0.3333,0.3333,0.3334,0.25,0.25,0.25,0.25
2087,1.0,0.5,0.3333,0.3333,0.3334,0.25,0.25,0.25,0.25
2088,1.0,0.5,0.3333,0.3333,0.3334,0.25,0.25,0.25,0.25
2089,1.0,0.5,0.3333,0.3333,0.3334,0.25,0.25,0.25,0.25
2090,0.9994,0.5,0.3333,0.3333,0.3334,0.25,0.25,0.25,0.25
2091,0.4461,0.5,0.3333,0.3333,0.3334,0.25,0.25,0.25,0.25
2092,0.0,0.5,0.3333,0.3333,0.3334,0.25,0.25,0.25,0.25
2093,0.9741,0.5,0.3333,0.3333,0.3334,0.25,0.25,0.25,0.25
2094,0.9999,0.5,0.3333,0.3333,0.3334,0.25,0.25,0.25,0.25
2095,0.8713,0.5,0.3333,0.3333,0.3334,0.25,0.25,0.25,0.25
2096,0.9633,0.5,0.3333,0.3333,0.3334,0.25,0.25,0.25,0.25
2097,0.9783,0.5,0.3333,0.3333,0.3334,0.25,0.25,0.25,0.25
2098,0.8696,0.5,0.3333,0.3333,0.3334,0.25,0.25,0.25,0.25
2099,0.9986,0.5,0.3333,0.3333,0.3334,0.25,0.25,0.25,0.25
2100,0.9964,0.5,0.3333,0.3333,0.3334,0.25,0.25,0.25,0.25
2101,0.713,0.5,0.3333,0.3333,0.3334,0.25,0.25,0.25,0.25
2102,0.9879,0.5,0.3333,0.3333,0.3334,0.25,0.25,0.25,0.25
2103,0.9999,0.5,0.3333,0.3333,0.3334,0.25,0.25,0.25,0.25
2104,0.9716,0.5,0.3333,0.3333,0.3334,0.25,0.25,0.25,0.25
2105,0.9995,0.5,0.3333,0.3333,0.3334,0.25,0.25,0.25,0.25
2106,0.0184,0.5,0.3333,0.3333,0.3334,0.25,0.25,0.25,0.25
2107,0.9891,0.5,0.3333,0.3333,0.3334,0.25,0.25,0.25,0.25
2108,0.9864,0.5,0.3333,0.3333,0.3334,0.25,0.25,0.25,0.25
2109,0.9989,0.5,0.3333,0.3333,0.3334,0.25,0.25,0.25,0.25
2110,0.9978,0.5,0.3333,0.3333,0.3334,0.25,0.25,0.25,0.25
2111,0.1857,0.5,0.3333,0.3333,0.3334,0.25,0.25,0.25,0.25
2112,0.9874,0.5,0.3333,0.3333,0.3334,0.25,0.25,0.25,0.25
2113,0.9987,0.5,0.3333,0.3333,0.3334,0.25,0.25,0.25,0.25
2114,0.9836,0.5,0.3333,0.3333,0.3334,0.25,0.25,0.25,0.25
2115,0.408,0.5,0.3333,0.3333,0.3334,0.25,0.25,0.25,0.25
2116,0.9009,0.5,0.3333,0.3333,0.3334,0.25,0.25,0.25,0.25
2117,0.9998,0.5,0.3333,0.3333,0.3334,0.25,0.25,0.25,0.25
2118,0.9959,0.5,0.3333,0.3333,0.3334,0.25,0.25,0.25,0.25
2119,0.9735,0.5,0.3333,0.3333,0.3334,0.25,0.25,0.25,0.25
2120,0.9861,0.5,0.3333,0.3333,0.3334,0.25,0.25,0.25,0.25
2121,0.0635,0.5,0.3333,0.3333,0.3334,0.25,0.25,0.25,0.25
2122,0.8956,0.5,0.3333,0.3333,0.3334,0.25,0.25,0.25,0.25
2123,0.9869,0.5,0.3333,0.3333,0.3334,0.25,0.25,0.25,0.25
2124,0.0,0.5,0.3333,0.3333,0.3334,0.25,0.25,0.25,0.25
2125,0.982,0.5,0.3333,0.3333,0.3334,0.25,0.25,0.25,0.25
2126,0.6373,0.5,0.3333,0.3333,0.3334,0.25,0.25,0.25,0.25
2127,0.0,0.5,0.3333,0.3333,0.3334,0.25,0.25,0.25,0.25
2128,0.9904,0.5,0.3333,0.3333,0.3334,0.25,0.25,0.25,0.25
2129,0.9997,0.5,0.3333,0.3333,0.3334,0.25,0.25,0.25,0.25
2130,0.9594,0.5,0.3333,0.3333,0.3334,0.25,0.25,0.25,0.25
2131,0.9925,0.5,0.3333,0.3333,0.3334,0.25,0.25,0.25,0.25
2132,0.9858,0.5,0.3333,0.3333,0.3334,0.25,0.25,0.25,0.25
2133,0.9821,0.5,0.3333,0.3333,0.3334,0.25,0.25,0.25,0.25
2134,0.9982,0.5,0.3333,0.3333,0.3334,0.25,0.25,0.25,0.25
2135,0.987,0.5,0.3333,0.3333,0.3334,0.25,0.25,0.25,0.25
2136,0.9945,0.5,0.3333,0.3333,0.3334,0.25,0.25,0.25,0.25
2137,0.991,0.5,0.3333,0.3333,0.3334,0.25,0.25,0.25,0.25
2138,0.9523,0.5,0.3333,0.3333,0.3334,0.25,0.25,0.25,0.25
2139,0.922,0.5,0.3333,0.3333,0.3334,0.25,0.25,0.25,0.25
2140,0.9883,0.5,0.3333,0.3333,0.3334,0.25,0.25,0.25,0.25
2141,0.8911,0.5,0.3333,0.3333,0.3334,0.25,0.25,0.25,0.25
2142,0.0702,0.5,0.3333,0.3333,0.3334,0.25,0.25,0.25,0.25
2143,0.9416,0.5,0.3333,0.3333,0.3334,0.25,0.25,0.25,0.25
2144,0.8249,0.5,0.3333,0.3333,0.3334,0.25,0.25,0.25,0.25
2145,0.9863,0.5,0.3333,0.3333,0.3334,0.25,0.25,0.25,0.25
2146,0.9924,0.5,0.3333,0.3333,0.3334,0.25,0.25,0.25,0.25
2147,0.0,0.5,0.3333,0.3333,0.3334,0.25,0.25,0.25,0.25
2148,0.5312,0.5,0.3333,0.3333,0.3334,0.25,0.25,0.25,0.25
2149,0.9629,0.5,0.3333,0.3333,0.3334,0.25,0.25,0.25,0.25
2150,0.9595,0.5,0.3333,0.3333,0.3334,0.25,0.25,0.25,0.25
2151,0.9904,0.5,0.3333,0.3333,0.3334,0.25,0.25,0.25,0.25
2152,0.0,0.5,0.3333,0.3333,0.3334,0.25,0.25,0.25,0.25
2153,0.9936,0.5,0.3333,0.3333,0.3334,0.25,0.25,0.25,0.25
2154,0.5982,0.5,0.3333,0.3333,0.3334,0.25,0.25,0.25,0.25
2155,0.158,0.5,0.3333,0.3333,0.3334,0.25,0.25,0.25,0.25
2156,0.8824,0.5,0.3333,0.3333,0.3334,0.25,0.25,0.25,0.25
2157,0.9913,0.5,0.3333,0.3333,0.3334,0.25,0.25,0.25,0.25
2158,1.0,0.5,0.3333,0.3333,0.3334,0.25,0.25,0.25,0.25
2159,0.9461,0.5,0.3333,0.3333,0.3334,0.25,0.25,0.25,0.25
2160,1.0,0.5,0.3333,0.3333,0.3334,0.25,0.25,0.25,0.25
2161,0.9845,0.5,0.3333,0.3333,0.3334,0.25,0.25,0.25,0.25
2162,0.0,0.5,0.3333,0.3333,0.3334,0.25,0.25,0.25,0.25
2163,0.9999,0.5,0.3333,0.3333,0.3334,0.25,0.25,0.25,0.25
2164,0.3745,0.5,0.3333,0.3333,0.3334,0.25,0.25,0.25,0.25
2165,0.9995,0.5,0.3333,0.3333,0.3334,0.25,0.25,0.25,0.25
2166,0.9987,0.5,0.3333,0.3333,0.3334,0.25,0.25,0.25,0.25
2167,0.9975,0.5,0.3333,0.3333,0.3334,0.25,0.25,0.25,0.25
2168,0.9992,0.5,0.3333,0.3333,0.3334,0.25,0.25,0.25,0.25
2169,0.0138,0.5,0.3333,0.3333,0.3334,0.25,0.25,0.25,0.25
2170,0.836,0.5,0.3333,0.3333,0.3334,0.25,0.25,0.25,0.25
2171,0.8316,0.5,0.3333,0.3333,0.3334,0.25,0.25,0.25,0.25
2172,0.2631,0.5,0.3333,0.3333,0.3334,0.25,0.25,0.25,0.25
2173,0.0971,0.5,0.3333,0.3333,0.3334,0.25,0.25,0.25,0.25
2175,0.8211,0.5,0.3333,0.3333,0.3334,0.25,0.25,0.25,0.25
2176,0.9126,0.5,0.3333,0.3333,0.3334,0.25,0.25,0.25,0.25
2177,0.0,0.5,0.3333,0.3333,0.3334,0.25,0.25,0.25,0.25
2178,0.9,0.5,0.3333,0.3333,0.3334,0.25,0.25,0.25,0.25
2179,0.7187,0.5,0.3333,0.3333,0.3334,0.25,0.25,0.25,0.25
2180,0.9422,0.5,0.3333,0.3333,0.3334,0.25,0.25,0.25,0.25
2181,0.8922,0.5,0.3333,0.3333,0.3334,0.25,0.25,0.25,0.25
2183,0.9978,0.5,0.3333,0.3333,0.3334,0.25,0.25,0.25,0.25
2184,0.92,0.5,0.3333,0.3333,0.3334,0.25,0.25,0.25,0.25
2185,0.9954,0.5,0.3333,0.3333,0.3334,0.25,0.25,0.25,0.25
2186,0.9699,0.5,0.3333,0.3333,0.3334,0.25,0.25,0.25,0.25
2187,0.9131,0.5,0.3333,0.3333,0.3334,0.25,0.25,0.25,0.25
2188,0.9999,0.5,0.3333,0.3333,0.3334,0.25,0.25,0.25,0.25
2189,0.9865,0.5,0.3333,0.3333,0.3334,0.25,0.25,0.25,0.25
2190,0.9876,0.5,0.3333,0.3333,0.3334,0.25,0.25,0.25,0.25
2191,0.9859,0.5,0.3333,0.3333,0.3334,0.25,0.25,0.25,0.25
2192,0.9922,0.5,0.3333,0.3333,0.3334,0.25,0.25,0.25,0.25
2193,0.9999,0.5,0.3333,0.3333,0.3334,0.25,0.25,0.25,0.25
2194,0.4085,0.5,0.3333,0.3333,0.3334,0.25,0.25,0.25,0.25
2195,0.7295,0.5,0.3333,0.3333,0.3334,0.25,0.25,0.25,0.25
2196,0.3273,0.5,0.3333,0.3333,0.3334,0.25,0.25,0.25,0.25
2197,0.9999,0.5,0.3333,0.3333,0.3334,0.25,0.25,0.25,0.25
2198,0.218,0.5,0.3333,0.3333,0.3334,0.25,0.25,0.25,0.25
2199,0.0,0.5,0.3333,0.3333,0.3334,0.25,0.25,0.25,0.25
2200,0.9587,0.5,0.3333,0.3333,0.3334,0.25,0.25,0.25,0.25
2201,0.9923,0.5,0.3333,0.3333,0.3334,0.25,0.25,0.25,0.25
2202,0.461,0.5,0.3333,0.3333,0.3334,0.25,0.25,0.25,0.25
2203,0.9185,0.5,0.3333,0.3333,0.3334,0.25,0.25,0.25,0.25
2204,0.9603,0.5,0.3333,0.3333,0.3334,0.25,0.25,0.25,0.25
2205,1.0,0.5,0.3333,0.3333,0.3334,0.25,0.25,0.25,0.25
2206,0.79,0.5,0.3333,0.3333,0.3334,0.25,0.25,0.25,0.25
2207,0.9852,0.5,0.3333,0.3333,0.3334,0.25,0.25,0.25,0.25
2208,0.3321,0.5,0.3333,0.3333,0.3334,0.25,0.25,0.25,0.25
2209,0.9165,0.5,0.3333,0.3333,0.3334,0.25,0.25,0.25,0.25
2210,0.9989,0.5,0.3333,0.3333,0.3334,0.25,0.25,0.25,0.25
2211,0.988,0.5,0.3333,0.3333,0.3334,0.25,0.25,0.25,0.25
2212,0.8139,0.5,0.3333,0.3333,0.3334,0.25,0.25,0.25,0.25
2213,0.9992,0.5,0.3333,0.3333,0.3334,0.25,0.25,0.25,0.25
2214,0.9999,0.5,0.3333,0.3333,0.3334,0.25,0.25,0.25,0.25
2215,0.6345,0.5,0.3333,0.3333,0.3334,0.25,0.25,0.25,0.25
2216,0.9947,0.5,0.3333,0.3333,0.3334,0.25,0.25,0.25,0.25
2217,0.6716,0.5,0.3333,0.3333,0.3334,0.25,0.25,0.25,0.25
2218,0.9404,0.5,0.3333,0.3333,0.3334,0.25,0.25,0.25,0.25
2219,0.9947,0.5,0.3333,0.3333,0.3334,0.25,0.25,0.25,0.25
2220,0.1638,0.5,0.3333,0.3333,0.3334,0.25,0.25,0.25,0.25
2221,0.8216,0.5,0.3333,0.3333,0.3334,0.25,0.25,0.25,0.25
2222,0.3673,0.5,0.3333,0.3333,0.3334,0.25,0.25,0.25,0.25
2223,0.9916,0.5,0.3333,0.3333,0.3334,0.25,0.25,0.25,0.25
2224,0.9896,0.5,0.3333,0.3333,0.3334,0.25,0.25,0.25,0.25
2225,0.9903,0.5,0.3333,0.3333,0.3334,0.25,0.25,0.25,0.25
2226,0.9824,0.5,0.3333,0.3333,0.3334,0.25,0.25,0.25,0.25
2227,0.9049,0.5,0.3333,0.3333,0.3334,0.25,0.25,0.25,0.25
2228,0.3815,0.5,0.3333,0.3333,0.3334,0.25,0.25,0.25,0.25
2229,0.9935,0.5,0.3333,0.3333,0.3334,0.25,0.25,0.25,0.25
2230,0.9888,0.5,0.3333,0.3333,0.3334,0.25,0.25,0.25,0.25
2231,0.9999,0.5,0.3333,0.3333,0.3334,0.25,0.25,0.25,0.25
2232,0.998,0.5,0.3333,0.3333,0.3334,0.25,0.25,0.25,0.25
2233,0.9954,0.5,0.3333,0.3333,0.3334,0.25,0.25,0.25,0.25
2234,0.8999,0.5,0.3333,0.3333,0.3334,0.25,0.25,0.25,0.25
2235,0.9569,0.5,0.3333,0.3333,0.3334,0.25,0.25,0.25,0.25
2236,0.9557,0.5,0.3333,0.3333,0.3334,0.25,0.25,0.25,0.25
2237,0.9388,0.5,0.3333,0.3333,0.3334,0.25,0.25,0.25,0.25
2238,0.992,0.5,0.3333,0.3333,0.3334,0.25,0.25,0.25,0.25
2239,0.0,0.5,0.3333,0.3333,0.3334,0.25,0.25,0.25,0.25
2240,0.0,0.5,0.3333,0.3333,0.3334,0.25,0.25,0.25,0.25
2241,0.9934,0.5,0.3333,0.3333,0.3334,0.25,0.25,0.25,0.25
2243,0.9166,0.5,0.3333,0.3333,0.3334,0.25,0.25,0.25,0.25
2244,0.8628,0.5,0.3333,0.3333,0.3334,0.25,0.25,0.25,0.25
2245,0.6949,0.5,0.3333,0.3333,0.3334,0.25,0.25,0.25,0.25
2246,0.9869,0.5,0.3333,0.3333,0.3334,0.25,0.25,0.25,0.25
2247,0.9895,0.5,0.3333,0.3333,0.3334,0.25,0.25,0.25,0.25
2248,0.9994,0.5,0.3333,0.3333,0.3334,0.25,0.25,0.25,0.25
2249,0.9981,0.5,0.3333,0.3333,0.3334,0.25,0.25,0.25,0.25
2250,0.981,0.5,0.3333,0.3333,0.3334,0.25,0.25,0.25,0.25
2251,0.9125,0.5,0.3333,0.3333,0.3334,0.25,0.25,0.25,0.25
2252,0.9208,0.5,0.3333,0.3333,0.3334,0.25,0.25,0.25,0.25
2253,0.5085,0.5,0.3333,0.3333,0.3334,0.25,0.25,0.25,0.25
2254,0.0,0.5,0.3333,0.3333,0.3334,0.25,0.25,0.25,0.25
2255,0.9069,0.5,0.3333,0.3333,0.3334,0.25,0.25,0.25,0.25
2256,0.9869,0.5,0.3333,0.3333,0.3334,0.25,0.25,0.25,0.25
2257,0.4146,0.5,0.3333,0.3333,0.3334,0.25,0.25,0.25,0.25
2258,0.9836,0.5,0.3333,0.3333,0.3334,0.25,0.25,0.25,0.25
2259,0.9893,0.5,0.3333,0.3333,0.3334,0.25,0.25,0.25,0.25
2260,0.0144,0.5,0.3333,0.3333,0.3334,0.25,0.25,0.25,0.25
2261,0.7001,0.5,0.3333,0.3333,0.3334,0.25,0.25,0.25,0.25
2262,0.9851,0.5,0.3333,0.3333,0.3334,0.25,0.25,0.25,0.25
2263,0.9973,0.5,0.3333,0.3333,0.3334,0.25,0.25,0.25,0.25
2264,0.939,0.5,0.3333,0.3333,0.3334,0.25,0.25,0.25,0.25
2265,0.7319,0.5,0.3333,0.3333,0.3334,0.25,0.25,0.25,0.25
2266,0.8841,0.5,0.3333,0.3333,0.3334,0.25,0.25,0.25,0.25
2267,0.9855,0.5,0.3333,0.3333,0.3334,0.25,0.25,0.25,0.25
2268,0.9433,0.5,0.3333,0.3333,0.3334,0.25,0.25,0.25,0.25
2269,0.9988,0.5,0.3333,0.3333,0.3334,0.25,0.25,0.25,0.25
2270,0.9711,0.5,0.3333,0.3333,0.3334,0.25,0.25,0.25,0.25
2271,0.941,0.5,0.3333,0.3333,0.3334,0.25,0.25,0.25,0.25
2272,0.821,0.5,0.3333,0.3333,0.3334,0.25,0.25,0.25,0.25
2273,0.9781,0.5,0.3333,0.3333,0.3334,0.25,0.25,0.25,0.25
2274,0.0644,0.5,0.3333,0.3333,0.3334,0.25,0.25,0.25,0.25
2275,0.3951,0.5,0.3333,0.3333,0.3334,0.25,0.25,0.25,0.25
2276,0.9956,0.5,0.3333,0.3333,0.3334,0.25,0.25,0.25,0.25
2277,0.9822,0.5,0.3333,0.3333,0.3334,0.25,0.25,0.25,0.25
2278,0.8835,0.5,0.3333,0.3333,0.3334,0.25,0.25,0.25,0.25
2279,1.0,0.5,0.3333,0.3333,0.3334,0.25,0.25,0.25,0.25
2280,0.9983,0.5,0.3333,0.3333,0.3334,0.25,0.25,0.25,0.25
2281,0.9999,0.5,0.3333,0.3333,0.3334,0.25,0.25,0.25,0.25
2282,0.9997,0.5,0.3333,0.3333,0.3334,0.25,0.25,0.25,0.25
2283,0.9996,0.5,0.3333,0.3333,0.3334,0.25,0.25,0.25,0.25
2284,0.9643,0.5,0.3333,0.3333,0.3334,0.25,0.25,0.25,0.25
2285,0.9939,0.5,0.3333,0.3333,0.3334,0.25,0.25,0.25,0.25
2286,0.9513,0.5,0.3333,0.3333,0.3334,0.25,0.25,0.25,0.25
2287,0.9511,0.5,0.3333,0.3333,0.3334,0.25,0.25,0.25,0.25
2288,0.9999,0.5,0.3333,0.3333,0.3334,0.25,0.25,0.25,0.25
2289,0.4503,0.5,0.3333,0.3333,0.3334,0.25,0.25,0.25,0.25
2290,0.6722,0.5,0.3333,0.3333,0.3334,0.25,0.25,0.25,0.25
2291,0.979,0.5,0.3333,0.3333,0.3334,0.25,0.25,0.25,0.25
2292,0.9888,0.5,0.3333,0.3333,0.3334,0.25,0.25,0.25,0.25
2293,0.0,0.5,0.3333,0.3333,0.3334,0.25,0.25,0.25,0.25
2294,0.9866,0.5,0.3333,0.3333,0.3334,0.25,0.25,0.25,0.25
2295,0.7984,0.5,0.3333,0.3333,0.3334,0.25,0.25,0.25,0.25
2296,0.9779,0.5,0.3333,0.3333,0.3334,0.25,0.25,0.25,0.25
2297,0.9974,0.5,0.3333,0.3333,0.3334,0.25,0.25,0.25,0.25
2298,0.0531,0.5,0.3333,0.3333,0.3334,0.25,0.25,0.25,0.25
2299,0.9578,0.5,0.3333,0.3333,0.3334,0.25,0.25,0.25,0.25
2300,0.9859,0.5,0.3333,0.3333,0.3334,0.25,0.25,0.25,0.25
2301,0.429,0.5,0.3333,0.3333,0.3334,0.25,0.25,0.25,0.25
2302,0.9972,0.5,0.3333,0.3333,0.3334,0.25,0.25,0.25,0.25
2303,0.987,0.5,0.3333,0.3333,0.3334,0.25,0.25,0.25,0.25
2304,0.9208,0.5,0.3333,0.3333,0.3334,0.25,0.25,0.25,0.25
2305,0.9844,0.5,0.3333,0.3333,0.3334,0.25,0.25,0.25,0.25
2307,0.9999,0.5,0.3333,0.3333,0.3334,0.25,0.25,0.25,0.25
2308,0.9995,0.5,0.3333,0.3333,0.3334,0.25,0.25,0.25,0.25
2309,0.9999,0.5,0.3333,0.3333,0.3334,0.25,0.25,0.25,0.25
2310,0.9932,0.5,0.3333,0.3333,0.3334,0.25,0.25,0.25,0.25
2311,0.9564,0.5,0.3333,0.3333,0.3334,0.25,0.25,0.25,0.25
2312,0.0,0.5,0.3333,0.3333,0.3334,0.25,0.25,0.25,0.25
2313,0.9848,0.5,0.3333,0.3333,0.3334,0.25,0.25,0.25,0.25
2314,0.2998,0.5,0.3333,0.3333,0.3334,0.25,0.25,0.25,0.25
2315,0.0,0.5,0.3333,0.3333,0.3334,0.25,0.25,0.25,0.25
2316,1.0,0.5,0.3333,0.3333,0.3334,0.25,0.25,0.25,0.25
2317,1.0,0.5,0.3333,0.3333,0.3334,0.25,0.25,0.25,0.25
2318,0.9922,0.5,0.3333,0.3333,0.3334,0.25,0.25,0.25,0.25
2319,0.9814,0.5,0.3333,0.3333,0.3334,0.25,0.25,0.25,0.25
2320,0.9564,0.5,0.3333,0.3333,0.3334,0.25,0.25,0.25,0.25
2321,0.9605,0.5,0.3333,0.3333,0.3334,0.25,0.25,0.25,0.25
2322,0.986,0.5,0.3333,0.3333,0.3334,0.25,0.25,0.25,0.25
2323,0.9779,0.5,0.3333,0.3333,0.3334,0.25,0.25,0.25,0.25
2324,0.9991,0.5,0.3333,0.3333,0.3334,0.25,0.25,0.25,0.25
2325,0.4765,0.5,0.3333,0.3333,0.3334,0.25,0.25,0.25,0.25
2326,0.9687,0.5,0.3333,0.3333,0.3334,0.25,0.25,0.25,0.25
2327,0.9969,0.5,0.3333,0.3333,0.3334,0.25,0.25,0.25,0.25
2328,0.9995,0.5,0.3333,0.3333,0.3334,0.25,0.25,0.25,0.25
2329,0.9207,0.5,0.3333,0.3333,0.3334,0.25,0.25,0.25,0.25
2330,0.9909,0.5,0.3333,0.3333,0.3334,0.25,0.25,0.25,0.25
2331,0.9995,0.5,0.3333,0.3333,0.3334,0.25,0.25,0.25,0.25
2332,0.9911,0.5,0.3333,0.3333,0.3334,0.25,0.25,0.25,0.25
2333,0.0043,0.5,0.3333,0.3333,0.3334,0.25,0.25,0.25,0.25
2334,0.9892,0.5,0.3333,0.3333,0.3334,0.25,0.25,0.25,0.25
2335,0.5,0.5,0.3333,0.3333,0.3334,0.25,0.25,0.25,0.25
2336,0.9992,0.5,0.3333,0.3333,0.3334,0.25,0.25,0.25,0.25
2337,0.9098,0.5,0.3333,0.3333,0.3334,0.25,0.25,0.25,0.25
2338,0.9727,0.5,0.3333,0.3333,0.3334,0.25,0.25,0.25,0.25
2339,0.0,0.5,0.3333,0.3333,0.3334,0.25,0.25,0.25,0.25
2340,0.9882,0.5,0.3333,0.3333,0.3334,0.25,0.25,0.25,0.25
2341,0.9646,0.5,0.3333,0.3333,0.3334,0.25,0.25,0.25,0.25
2342,0.9587,0.5,0.3333,0.3333,0.3334,0.25,0.25,0.25,0.25
2343,0.9998,0.5,0.3333,0.3333,0.3334,0.25,0.25,0.25,0.25
2344,0.8248,0.5,0.3333,0.3333,0.3334,0.25,0.25,0.25,0.25
2345,0.9986,0.5,0.3333,0.3333,0.3334,0.25,0.25,0.25,0.25
2346,0.9997,0.5,0.3333,0.3333,0.3334,0.25,0.25,0.25,0.25
2347,0.9535,0.5,0.3333,0.3333,0.3334,0.25,0.25,0.25,0.25
2348,0.7999,0.5,0.3333,0.3333,0.3334,0.25,0.25,0.25,0.25
2349,0.4142,0.5,0.3333,0.3333,0.3334,0.25,0.25,0.25,0.25
2350,0.9999,0.5,0.3333,0.3333,0.3334,0.25,0.25,0.25,0.25
2351,0.9962,0.5,0.3333,0.3333,0.3334,0.25,0.25,0.25,0.25
2352,0.0404,0.5,0.3333,0.3333,0.3334,0.25,0.25,0.25,0.25
2353,0.992,0.5,0.3333,0.3333,0.3334,0.25,0.25,0.25,0.25
2354,0.9321,0.5,0.3333,0.3333,0.3334,0.25,0.25,0.25,0.25
2355,0.9804,0.5,0.3333,0.3333,0.3334,0.25,0.25,0.25,0.25
2356,0.9866,0.5,0.3333,0.3333,0.3334,0.25,0.25,0.25,0.25
2357,0.9939,0.5,0.3333,0.3333,0.3334,0.25,0.25,0.25,0.25
2358,0.9827,0.5,0.3333,0.3333,0.3334,0.25,0.25,0.25,0.25
2359,0.9982,0.5,0.3333,0.3333,0.3334,0.25,0.25,0.25,0.25
2360,0.9949,0.5,0.3333,0.3333,0.3334,0.25,0.25,0.25,0.25
2361,0.0,0.5,0.3333,0.3333,0.3334,0.25,0.25,0.25,0.25
2362,0.9389,0.5,0.3333,0.3333,0.3334,0.25,0.25,0.25,0.25
2363,0.9845,0.5,0.3333,0.3333,0.3334,0.25,0.25,0.25,0.25
2364,0.9902,0.5,0.3333,0.3333,0.3334,0.25,0.25,0.25,0.25
2365,0.991,0.5,0.3333,0.3333,0.3334,0.25,0.25,0.25,0.25
2366,0.9906,0.5,0.3333,0.3333,0.3334,0.25,0.25,0.25,0.25
2367,0.9762,0.5,0.3333,0.3333,0.3334,0.25,0.25,0.25,0.25
2368,0.9952,0.5,0.3333,0.3333,0.3334,0.25,0.25,0.25,0.25
2369,0.9947,0.5,0.3333,0.3333,0.3334,0.25,0.25,0.25,0.25
2370,0.9997,0.5,0.3333,0.3333,0.3334,0.25,0.25,0.25,0.25
2371,0.9398,0.5,0.3333,0.3333,0.3334,0.25,0.25,0.25,0.25
2372,0.9107,0.5,0.3333,0.3333,0.3334,0.25,0.25,0.25,0.25
2373,0.9446,0.5,0.3333,0.3333,0.3334,0.25,0.25,0.25,0.25
2374,0.9987,0.5,0.3333,0.3333,0.3334,0.25,0.25,0.25,0.25
2375,0.0139,0.5,0.3333,0.3333,0.3334,0.25,0.25,0.25,0.25
2376,0.7725,0.5,0.3333,0.3333,0.3334,0.25,0.25,0.25,0.25
2377,0.9995,0.5,0.3333,0.3333,0.3334,0.25,0.25,0.25,0.25
2378,0.8878,0.5,0.3333,0.3333,0.3334,0.25,0.25,0.25,0.25
2379,0.9522,0.5,0.3333,0.3333,0.3334,0.25,0.25,0.25,0.25
2380,0.9568,0.5,0.3333,0.3333,0.3334,0.25,0.25,0.25,0.25
2381,0.9766,0.5,0.3333,0.3333,0.3334,0.25,0.25,0.25,0.25
2382,0.9993,0.5,0.3333,0.3333,0.3334,0.25,0.25,0.25,0.25
2383,0.9454,0.5,0.3333,0.3333,0.3334,0.25,0.25,0.25,0.25
2384,0.9984,0.5,0.3333,0.3333,0.3334,0.25,0.25,0.25,0.25
2385,0.9865,0.5,0.3333,0.3333,0.3334,0.25,0.25,0.25,0.25
2386,0.9937,0.5,0.3333,0.3333,0.3334,0.25,0.25,0.25,0.25
2387,0.9099,0.5,0.3333,0.3333,0.3334,0.25,0.25,0.25,0.25
2388,0.0055,0.5,0.3333,0.3333,0.3334,0.25,0.25,0.25,0.25
2389,0.9827,0.5,0.3333,0.3333,0.3334,0.25,0.25,0.25,0.25
2390,0.9505,0.5,0.3333,0.3333,0.3334,0.25,0.25,0.25,0.25
2391,0.8716,0.5,0.3333,0.3333,0.3334,0.25,0.25,0.25,0.25
2392,0.9969,0.5,0.3333,0.3333,0.3334,0.25,0.25,0.25,0.25
2393,0.9907,0.5,0.3333,0.3333,0.3334,0.25,0.25,0.25,0.25
2394,0.986,0.5,0.3333,0.3333,0.3334,0.25,0.25,0.25,0.25
2395,0.8837,0.5,0.3333,0.3333,0.3334,0.25,0.25,0.25,0.25
2396,0.999,0.5,0.3333,0.3333,0.3334,0.25,0.25,0.25,0.25
2397,0.777,0.5,0.3333,0.3333,0.3334,0.25,0.25,0.25,0.25
2398,0.9627,0.5,0.3333,0.3333,0.3334,0.25,0.25,0.25,0.25
2399,0.9805,0.5,0.3333,0.3333,0.3334,0.25,0.25,0.25,0.25
2400,0.9385,0.5,0.3333,0.3333,0.3334,0.25,0.25,0.25,0.25
2401,0.0,0.5,0.3333,0.3333,0.3334,0.25,0.25,0.25,0.25
2402,0.9886,0.5,0.3333,0.3333,0.3334,0.25,0.25,0.25,0.25
2403,0.9997,0.5,0.3333,0.3333,0.3334,0.25,0.25,0.25,0.25
2404,0.9983,0.5,0.3333,0.3333,0.3334,0.25,0.25,0.25,0.25
2405,0.0041,0.5,0.3333,0.3333,0.3334,0.25,0.25,0.25,0.25
2406,0.9886,0.5,0.3333,0.3333,0.3334,0.25,0.25,0.25,0.25
2407,0.9385,0.5,0.3333,0.3333,0.3334,0.25,0.25,0.25,0.25
2408,0.9998,0.5,0.3333,0.3333,0.3334,0.25,0.25,0.25,0.25
2409,0.9711,0.5,0.3333,0.3333,0.3334,0.25,0.25,0.25,0.25
2410,0.9399,0.5,0.3333,0.3333,0.3334,0.25,0.25,0.25,0.25
2411,0.7513,0.5,0.3333,0.3333,0.3334,0.25,0.25,0.25,0.25
2412,0.8383,0.5,0.3333,0.3333,0.3334,0.25,0.25,0.25,0.25
2413,0.9999,0.5,0.3333,0.3333,0.3334,0.25,0.25,0.25,0.25
2414,0.9912,0.5,0.3333,0.3333,0.3334,0.25,0.25,0.25,0.25
2415,0.9747,0.5,0.3333,0.3333,0.3334,0.25,0.25,0.25,0.25
2416,0.7917,0.5,0.3333,0.3333,0.3334,0.25,0.25,0.25,0.25
2417,0.9984,0.5,0.3333,0.3333,0.3334,0.25,0.25,0.25,0.25
2418,0.7538,0.5,0.3333,0.3333,0.3334,0.25,0.25,0.25,0.25
2419,0.8075,0.5,0.3333,0.3333,0.3334,0.25,0.25,0.25,0.25
2420,0.9347,0.5,0.3333,0.3333,0.3334,0.25,0.25,0.25,0.25
2421,0.0,0.5,0.3333,0.3333,0.3334,0.25,0.25,0.25,0.25
2422,0.9996,0.5,0.3333,0.3333,0.3334,0.25,0.25,0.25,0.25
2423,0.8816,0.5,0.3333,0.3333,0.3334,0.25,0.25,0.25,0.25
2424,1.0,0.5,0.3333,0.3333,0.3334,0.25,0.25,0.25,0.25
2425,0.7018,0.5,0.3333,0.3333,0.3334,0.25,0.25,0.25,0.25
2426,0.9662,0.5,0.3333,0.3333,0.3334,0.25,0.25,0.25,0.25
2427,0.9554,0.5,0.3333,0.3333,0.3334,0.25,0.25,0.25,0.25
2429,0.9944,0.5,0.3333,0.3333,0.3334,0.25,0.25,0.25,0.25
2430,0.9564,0.5,0.3333,0.3333,0.3334,0.25,0.25,0.25,0.25
2431,1.0,0.5,0.3333,0.3333,0.3334,0.25,0.25,0.25,0.25
2432,0.9809,0.5,0.3333,0.3333,0.3334,0.25,0.25,0.25,0.25
2433,0.9464,0.5,0.3333,0.3333,0.3334,0.25,0.25,0.25,0.25
2434,0.9855,0.5,0.3333,0.3333,0.3334,0.25,0.25,0.25,0.25
2435,0.0,0.5,0.3333,0.3333,0.3334,0.25,0.25,0.25,0.25
2436,0.8313,0.5,0.3333,0.3333,0.3334,0.25,0.25,0.25,0.25
2437,0.0,0.5,0.3333,0.3333,0.3334,0.25,0.25,0.25,0.25
2438,0.4338,0.5,0.3333,0.3333,0.3334,0.25,0.25,0.25,0.25
2439,0.9491,0.5,0.3333,0.3333,0.3334,0.25,0.25,0.25,0.25
2440,0.9896,0.5,0.3333,0.3333,0.3334,0.25,0.25,0.25,0.25
2441,0.6948,0.5,0.3333,0.3333,0.3334,0.25,0.25,0.25,0.25
2442,0.9889,0.5,0.3333,0.3333,0.3334,0.25,0.25,0.25,0.25
2443,0.9817,0.5,0.3333,0.3333,0.3334,0.25,0.25,0.25,0.25
2444,0.9705,0.5,0.3333,0.3333,0.3334,0.25,0.25,0.25,0.25
2445,0.9957,0.5,0.3333,0.3333,0.3334,0.25,0.25,0.25,0.25
2446,0.0,0.5,0.3333,0.3333,0.3334,0.25,0.25,0.25,0.25
2447,0.9934,0.5,0.3333,0.3333,0.3334,0.25,0.25,0.25,0.25
2448,0.9632,0.5,0.3333,0.3333,0.3334,0.25,0.25,0.25,0.25
2449,0.9911,0.5,0.3333,0.3333,0.3334,0.25,0.25,0.25,0.25
2450,0.9994,0.5,0.3333,0.3333,0.3334,0.25,0.25,0.25,0.25
2451,0.981,0.5,0.3333,0.3333,0.3334,0.25,0.25,0.25,0.25
2452,0.9568,0.5,0.3333,0.3333,0.3334,0.25,0.25,0.25,0.25
2453,0.9706,0.5,0.3333,0.3333,0.3334,0.25,0.25,0.25,0.25
2454,0.8892,0.5,0.3333,0.3333,0.3334,0.25,0.25,0.25,0.25
2455,0.1721,0.5,0.3333,0.3333,0.3334,0.25,0.25,0.25,0.25
2456,0.9997,0.5,0.3333,0.3333,0.3334,0.25,0.25,0.25,0.25
2457,0.9471,0.5,0.3333,0.3333,0.3334,0.25,0.25,0.25,0.25
2458,0.9901,0.5,0.3333,0.3333,0.3334,0.25,0.25,0.25,0.25
2459,0.9987,0.5,0.3333,0.3333,0.3334,0.25,0.25,0.25,0.25
2460,0.9819,0.5,0.3333,0.3333,0.3334,0.25,0.25,0.25,0.25
2461,0.9822,0.5,0.3333,0.3333,0.3334,0.25,0.25,0.25,0.25
2462,0.9716,0.5,0.3333,0.3333,0.3334,0.25,0.25,0.25,0.25
2463,0.9813,0.5,0.3333,0.3333,0.3334,0.25,0.25,0.25,0.25
2464,0.9997,0.5,0.3333,0.3333,0.3334,0.25,0.25,0.25,0.25
2465,0.9791,0.5,0.3333,0.3333,0.3334,0.25,0.25,0.25,0.25
2466,0.9972,0.5,0.3333,0.3333,0.3334,0.25,0.25,0.25,0.25
2467,0.8638,0.5,0.3333,0.3333,0.3334,0.25,0.25,0.25,0.25
2468,0.9778,0.5,0.3333,0.3333,0.3334,0.25,0.25,0.25,0.25
2469,0.9737,0.5,0.3333,0.3333,0.3334,0.25,0.25,0.25,0.25
2470,0.9906,0.5,0.3333,0.3333,0.3334,0.25,0.25,0.25,0.25
2471,0.7543,0.5,0.3333,0.3333,0.3334,0.25,0.25,0.25,0.25
2472,0.9909,0.5,0.3333,0.3333,0.3334,0.25,0.25,0.25,0.25
2473,0.9651,0.5,0.3333,0.3333,0.3334,0.25,0.25,0.25,0.25
2474,0.9877,0.5,0.3333,0.3333,0.3334,0.25,0.25,0.25,0.25
2475,1.0,0.5,0.3333,0.3333,0.3334,0.25,0.25,0.25,0.25
2476,0.9486,0.5,0.3333,0.3333,0.3334,0.25,0.25,0.25,0.25
2477,0.9997,0.5,0.3333,0.3333,0.3334,0.25,0.25,0.25,0.25
2478,0.6266,0.5,0.3333,0.3333,0.3334,0.25,0.25,0.25,0.25
2479,0.0,0.5,0.3333,0.3333,0.3334,0.25,0.25,0.25,0.25
2480,1.0,0.5,0.3333,0.3333,0.3334,0.25,0.25,0.25,0.25
2481,0.9931,0.5,0.3333,0.3333,0.3334,0.25,0.25,0.25,0.25
2482,0.9791,0.5,0.3333,0.3333,0.3334,0.25,0.25,0.25,0.25
2483,1.0,0.5,0.3333,0.3333,0.3334,0.25,0.25,0.25,0.25
2484,0.972,0.5,0.3333,0.3333,0.3334,0.25,0.25,0.25,0.25
2485,0.9889,0.5,0.3333,0.3333,0.3334,0.25,0.25,0.25,0.25
2486,0.9931,0.5,0.3333,0.3333,0.3334,0.25,0.25,0.25,0.25
2487,0.8544,0.5,0.3333,0.3333,0.3334,0.25,0.25,0.25,0.25
2488,0.9823,0.5,0.3333,0.3333,0.3334,0.25,0.25,0.25,0.25
2489,0.8312,0.5,0.3333,0.3333,0.3334,0.25,0.25,0.25,0.25
2490,1.0,0.5,0.3333,0.3333,0.3334,0.25,0.25,0.25,0.25
2491,0.8874,0.5,0.3333,0.3333,0.3334,0.25,0.25,0.25,0.25
2492,0.9927,0.5,0.3333,0.3333,0.3334,0.25,0.25,0.25,0.25
2493,0.9856,0.5,0.3333,0.3333,0.3334,0.25,0.25,0.25,0.25
2494,0.9034,0.5,0.3333,0.3333,0.3334,0.25,0.25,0.25,0.25
2495,0.3145,0.5,0.3333,0.3333,0.3334,0.25,0.25,0.25,0.25
2496,0.9629,0.5,0.3333,0.3333,0.3334,0.25,0.25,0.25,0.25
2497,0.9636,0.5,0.3333,0.3333,0.3334,0.25,0.25,0.25,0.25
2498,0.999,0.5,0.3333,0.3333,0.3334,0.25,0.25,0.25,0.25
2499,0.2073,0.5,0.3333,0.3333,0.3334,0.25,0.25,0.25,0.25
2500,0.9998,0.5,0.3333,0.3333,0.3334,0.25,0.25,0.25,0.25
2501,0.1392,0.5,0.3333,0.3333,0.3334,0.25,0.25,0.25,0.25
2502,0.0,0.5,0.3333,0.3333,0.3334,0.25,0.25,0.25,0.25
2503,0.0167,0.5,0.3333,0.3333,0.3334,0.25,0.25,0.25,0.25
2504,0.9998,0.5,0.3333,0.3333,0.3334,0.25,0.25,0.25,0.25
2505,0.9953,0.5,0.3333,0.3333,0.3334,0.25,0.25,0.25,0.25
2506,0.9948,0.5,0.3333,0.3333,0.3334,0.25,0.25,0.25,0.25
2507,0.9996,0.5,0.3333,0.3333,0.3334,0.25,0.25,0.25,0.25
2508,0.8836,0.5,0.3333,0.3333,0.3334,0.25,0.25,0.25,0.25
2509,0.625,0.5,0.3333,0.3333,0.3334,0.25,0.25,0.25,0.25
2510,0.9764,0.5,0.3333,0.3333,0.3334,0.25,0.25,0.25,0.25
2511,0.0363,0.5,0.3333,0.3333,0.3334,0.25,0.25,0.25,0.25
2512,0.9996,0.5,0.3333,0.3333,0.3334,0.25,0.25,0.25,0.25
2513,0.9992,0.5,0.3333,0.3333,0.3334,0.25,0.25,0.25,0.25
2514,0.5798,0.5,0.3333,0.3333,0.3334,0.25,0.25,0.25,0.25
2515,0.9954,0.5,0.3333,0.3333,0.3334,0.25,0.25,0.25,0.25
2516,0.9191,0.5,0.3333,0.3333,0.3334,0.25,0.25,0.25,0.25
2517,0.9844,0.5,0.3333,0.3333,0.3334,0.25,0.25,0.25,0.25
2518,0.998,0.5,0.3333,0.3333,0.3334,0.25,0.25,0.25,0.25
2519,0.9999,0.5,0.3333,0.3333,0.3334,0.25,0.25,0.25,0.25
2520,0.0,0.5,0.3333,0.3333,0.3334,0.25,0.25,0.25,0.25
2521,0.939,0.5,0.3333,0.3333,0.3334,0.25,0.25,0.25,0.25
2522,0.9739,0.5,0.3333,0.3333,0.3334,0.25,0.25,0.25,0.25
2523,0.9524,0.5,0.3333,0.3333,0.3334,0.25,0.25,0.25,0.25
2524,0.9985,0.5,0.3333,0.3333,0.3334,0.25,0.25,0.25,0.25
2525,0.9998,0.5,0.3333,0.3333,0.3334,0.25,0.25,0.25,0.25
2526,0.9962,0.5,0.3333,0.3333,0.3334,0.25,0.25,0.25,0.25
2527,0.9381,0.5,0.3333,0.3333,0.3334,0.25,0.25,0.25,0.25
2528,0.9998,0.5,0.3333,0.3333,0.3334,0.25,0.25,0.25,0.25
2529,0.8292,0.5,0.3333,0.3333,0.3334,0.25,0.25,0.25,0.25
2530,1.0,0.5,0.3333,0.3333,0.3334,0.25,0.25,0.25,0.25
2531,0.9845,0.5,0.3333,0.3333,0.3334,0.25,0.25,0.25,0.25
2532,0.9998,0.5,0.3333,0.3333,0.3334,0.25,0.25,0.25,0.25
2533,0.9945,0.5,0.3333,0.3333,0.3334,0.25,0.25,0.25,0.25
2534,0.0,0.5,0.3333,0.3333,0.3334,0.25,0.25,0.25,0.25
2535,1.0,0.5,0.3333,0.3333,0.3334,0.25,0.25,0.25,0.25
2536,0.9456,0.5,0.3333,0.3333,0.3334,0.25,0.25,0.25,0.25
2537,0.9593,0.5,0.3333,0.3333,0.3334,0.25,0.25,0.25,0.25
2538,0.9811,0.5,0.3333,0.3333,0.3334,0.25,0.25,0.25,0.25
2539,0.983,0.5,0.3333,0.3333,0.3334,0.25,0.25,0.25,0.25
2540,0.2473,0.5,0.3333,0.3333,0.3334,0.25,0.25,0.25,0.25
2541,0.9913,0.5,0.3333,0.3333,0.3334,0.25,0.25,0.25,0.25
2542,0.9277,0.5,0.3333,0.3333,0.3334,0.25,0.25,0.25,0.25
2543,0.9098,0.5,0.3333,0.3333,0.3334,0.25,0.25,0.25,0.25
2544,0.9999,0.5,0.3333,0.3333,0.3334,0.25,0.25,0.25,0.25
2545,0.9069,0.5,0.3333,0.3333,0.3334,0.25,0.25,0.25,0.25
2546,0.9663,0.5,0.3333,0.3333,0.3334,0.25,0.25,0.25,0.25
2547,0.7945,0.5,0.3333,0.3333,0.3334,0.25,0.25,0.25,0.25
2548,0.4527,0.5,0.3333,0.3333,0.3334,0.25,0.25,0.25,0.25
2549,0.2027,0.5,0.3333,0.3333,0.3334,0.25,0.25,0.25,0.25
2550,0.999,0.5,0.3333,0.3333,0.3334,0.25,0.25,0.25,0.25
2551,0.9973,0.5,0.3333,0.3333,0.3334,0.25,0.25,0.25,0.25
2552,0.8773,0.5,0.3333,0.3333,0.3334,0.25,0.25,0.25,0.25
2553,0.9982,0.5,0.3333,0.3333,0.3334,0.25,0.25,0.25,0.25
2554,0.8036,0.5,0.3333,0.3333,0.3334,0.25,0.25,0.25,0.25
2555,0.9955,0.5,0.3333,0.3333,0.3334,0.25,0.25,0.25,0.25
2556,0.9097,0.5,0.3333,0.3333,0.3334,0.25,0.25,0.25,0.25
2557,0.987,0.5,0.3333,0.3333,0.3334,0.25,0.25,0.25,0.25
2558,0.2816,0.5,0.3333,0.3333,0.3334,0.25,0.25,0.25,0.25
2559,0.9928,0.5,0.3333,0.3333,0.3334,0.25,0.25,0.25,0.25
2560,0.9895,0.5,0.3333,0.3333,0.3334,0.25,0.25,0.25,0.25
2561,0.9372,0.5,0.3333,0.3333,0.3334,0.25,0.25,0.25,0.25
2562,0.9996,0.5,0.3333,0.3333,0.3334,0.25,0.25,0.25,0.25
2563,0.9948,0.5,0.3333,0.3333,0.3334,0.25,0.25,0.25,0.25
2564,0.9888,0.5,0.3333,0.3333,0.3334,0.25,0.25,0.25,0.25
2565,0.9587,0.5,0.3333,0.3333,0.3334,0.25,0.25,0.25,0.25
2566,0.9351,0.5,0.3333,0.3333,0.3334,0.25,0.25,0.25,0.25
2567,0.0,0.5,0.3333,0.3333,0.3334,0.25,0.25,0.25,0.25
2568,0.9998,0.5,0.3333,0.3333,0.3334,0.25,0.25,0.25,0.25
2569,0.9822,0.5,0.3333,0.3333,0.3334,0.25,0.25,0.25,0.25
2570,0.9897,0.5,0.3333,0.3333,0.3334,0.25,0.25,0.25,0.25
2571,0.7739,0.5,0.3333,0.3333,0.3334,0.25,0.25,0.25,0.25
2572,0.9997,0.5,0.3333,0.3333,0.3334,0.25,0.25,0.25,0.25
2573,0.0,0.5,0.3333,0.3333,0.3334,0.25,0.25,0.25,0.25
2574,0.3383,0.5,0.3333,0.3333,0.3334,0.25,0.25,0.25,0.25
2575,0.6124,0.5,0.3333,0.3333,0.3334,0.25,0.25,0.25,0.25
2576,0.9583,0.5,0.3333,0.3333,0.3334,0.25,0.25,0.25,0.25
2577,0.3591,0.5,0.3333,0.3333,0.3334,0.25,0.25,0.25,0.25
2578,0.5914,0.5,0.3333,0.3333,0.3334,0.25,0.25,0.25,0.25
2579,0.1222,0.5,0.3333,0.3333,0.3334,0.25,0.25,0.25,0.25
2580,0.0032,0.5,0.3333,0.3333,0.3334,0.25,0.25,0.25,0.25
2581,0.225,0.5,0.3333,0.3333,0.3334,0.25,0.25,0.25,0.25
2582,0.9251,0.5,0.3333,0.3333,0.3334,0.25,0.25,0.25,0.25
2583,0.6599,0.5,0.3333,0.3333,0.3334,0.25,0.25,0.25,0.25
2584,0.9867,0.5,0.3333,0.3333,0.3334,0.25,0.25,0.25,0.25
2585,0.9986,0.5,0.3333,0.3333,0.3334,0.25,0.25,0.25,0.25
2586,0.9912,0.5,0.3333,0.3333,0.3334,0.25,0.25,0.25,0.25
2587,0.429,0.5,0.3333,0.3333,0.3334,0.25,0.25,0.25,0.25
2588,0.9727,0.5,0.3333,0.3333,0.3334,0.25,0.25,0.25,0.25
2589,0.9489,0.5,0.3333,0.3333,0.3334,0.25,0.25,0.25,0.25
2590,0.9043,0.5,0.3333,0.3333,0.3334,0.25,0.25,0.25,0.25
2591,0.9785,0.5,0.3333,0.3333,0.3334,0.25,0.25,0.25,0.25
2592,0.9967,0.5,0.3333,0.3333,0.3334,0.25,0.25,0.25,0.25
2593,0.9507,0.5,0.3333,0.3333,0.3334,0.25,0.25,0.25,0.25
2594,0.9155,0.5,0.3333,0.3333,0.3334,0.25,0.25,0.25,0.25
2595,0.9581,0.5,0.3333,0.3333,0.3334,0.25,0.25,0.25,0.25
2596,0.9995,0.5,0.3333,0.3333,0.3334,0.25,0.25,0.25,0.25
2597,0.996,0.5,0.3333,0.3333,0.3334,0.25,0.25,0.25,0.25
2598,0.9321,0.5,0.3333,0.3333,0.3334,0.25,0.25,0.25,0.25
2599,0.9703,0.5,0.3333,0.3333,0.3334,0.25,0.25,0.25,0.25
2600,0.9982,0.5,0.3333,0.3333,0.3334,0.25,0.25,0.25,0.25
2601,0.0,0.5,0.3333,0.3333,0.3334,0.25,0.25,0.25,0.25
2602,1.0,0.5,0.3333,0.3333,0.3334,0.25,0.25,0.25,0.25
2603,0.996,0.5,0.3333,0.3333,0.3334,0.25,0.25,0.25,0.25
2604,0.9253,0.5,0.3333,0.3333,0.3334,0.25,0.25,0.25,0.25
2605,0.9875,0.5,0.3333,0.3333,0.3334,0.25,0.25,0.25,0.25
2606,0.4925,0.5,0.3333,0.3333,0.3334,0.25,0.25,0.25,0.25
2607,0.9998,0.5,0.3333,0.3333,0.3334,0.25,0.25,0.25,0.25
2608,0.9206,0.5,0.3333,0.3333,0.3334,0.25,0.25,0.25,0.25
2609,0.9968,0.5,0.3333,0.3333,0.3334,0.25,0.25,0.25,0.25
2610,0.1945,0.5,0.3333,0.3333,0.3334,0.25,0.25,0.25,0.25
2611,0.962,0.5,0.3333,0.3333,0.3334,0.25,0.25,0.25,0.25
2612,0.9489,0.5,0.3333,0.3333,0.3334,0.25,0.25,0.25,0.25
2613,0.8479,0.5,0.3333,0.3333,0.3334,0.25,0.25,0.25,0.25
2614,0.8411,0.5,0.3333,0.3333,0.3334,0.25,0.25,0.25,0.25
2615,0.9976,0.5,0.3333,0.3333,0.3334,0.25,0.25,0.25,0.25
2616,0.917,0.5,0.3333,0.3333,0.3334,0.25,0.25,0.25,0.25
2617,0.998,0.5,0.3333,0.3333,0.3334,0.25,0.25,0.25,0.25
2618,0.6855,0.5,0.3333,0.3333,0.3334,0.25,0.25,0.25,0.25
2619,0.9843,0.5,0.3333,0.3333,0.3334,0.25,0.25,0.25,0.25
2620,0.0232,0.5,0.3333,0.3333,0.3334,0.25,0.25,0.25,0.25
2621,0.8735,0.5,0.3333,0.3333,0.3334,0.25,0.25,0.25,0.25
2622,0.0,0.5,0.3333,0.3333,0.3334,0.25,0.25,0.25,0.25
2623,0.0,0.5,0.3333,0.3333,0.3334,0.25,0.25,0.25,0.25
2624,0.9786,0.5,0.3333,0.3333,0.3334,0.25,0.25,0.25,0.25
2625,0.9972,0.5,0.3333,0.3333,0.3334,0.25,0.25,0.25,0.25
2626,0.9778,0.5,0.3333,0.3333,0.3334,0.25,0.25,0.25,0.25
2627,1.0,0.5,0.3333,0.3333,0.3334,0.25,0.25,0.25,0.25
2628,0.9537,0.5,0.3333,0.3333,0.3334,0.25,0.25,0.25,0.25
2629,0.0441,0.5,0.3333,0.3333,0.3334,0.25,0.25,0.25,0.25
2630,0.9846,0.5,0.3333,0.3333,0.3334,0.25,0.25,0.25,0.25
2631,0.9952,0.5,0.3333,0.3333,0.3334,0.25,0.25,0.25,0.25
2632,0.8979,0.5,0.3333,0.3333,0.3334,0.25,0.25,0.25,0.25
2633,0.9912,0.5,0.3333,0.3333,0.3334,0.25,0.25,0.25,0.25
2634,0.9857,0.5,0.3333,0.3333,0.3334,0.25,0.25,0.25,0.25
2635,0.964,0.5,0.3333,0.3333,0.3334,0.25,0.25,0.25,0.25
2636,0.9901,0.5,0.3333,0.3333,0.3334,0.25,0.25,0.25,0.25
2637,0.989,0.5,0.3333,0.3333,0.3334,0.25,0.25,0.25,0.25
2638,0.8476,0.5,0.3333,0.3333,0.3334,0.25,0.25,0.25,0.25
2639,0.9993,0.5,0.3333,0.3333,0.3334,0.25,0.25,0.25,0.25
2640,0.9999,0.5,0.3333,0.3333,0.3334,0.25,0.25,0.25,0.25
2641,0.9113,0.5,0.3333,0.3333,0.3334,0.25,0.25,0.25,0.25
2642,0.9946,0.5,0.3333,0.3333,0.3334,0.25,0.25,0.25,0.25
2643,0.8135,0.5,0.3333,0.3333,0.3334,0.25,0.25,0.25,0.25
2644,0.7975,0.5,0.3333,0.3333,0.3334,0.25,0.25,0.25,0.25
2645,0.9986,0.5,0.3333,0.3333,0.3334,0.25,0.25,0.25,0.25
2646,0.9981,0.5,0.3333,0.3333,0.3334,0.25,0.25,0.25,0.25
2647,0.9658,0.5,0.3333,0.3333,0.3334,0.25,0.25,0.25,0.25
2648,0.9941,0.5,0.3333,0.3333,0.3334,0.25,0.25,0.25,0.25
2649,0.9971,0.5,0.3333,0.3333,0.3334,0.25,0.25,0.25,0.25
2650,0.9857,0.5,0.3333,0.3333,0.3334,0.25,0.25,0.25,0.25
2651,1.0,0.5,0.3333,0.3333,0.3334,0.25,0.25,0.25,0.25
2652,0.9425,0.5,0.3333,0.3333,0.3334,0.25,0.25,0.25,0.25
2653,0.9724,0.5,0.3333,0.3333,0.3334,0.25,0.25,0.25,0.25
2654,0.9552,0.5,0.3333,0.3333,0.3334,0.25,0.25,0.25,0.25
2655,0.9062,0.5,0.3333,0.3333,0.3334,0.25,0.25,0.25,0.25
2656,0.9956,0.5,0.3333,0.3333,0.3334,0.25,0.25,0.25,0.25
2657,0.2317,0.5,0.3333,0.3333,0.3334,0.25,0.25,0.25,0.25
2658,0.9901,0.5,0.3333,0.3333,0.3334,0.25,0.25,0.25,0.25
2659,0.3033,0.5,0.3333,0.3333,0.3334,0.25,0.25,0.25,0.25
2660,0.9824,0.5,0.3333,0.3333,0.3334,0.25,0.25,0.25,0.25
2661,0.9645,0.5,0.3333,0.3333,0.3334,0.25,0.25,0.25,0.25
2662,0.9903,0.5,0.3333,0.3333,0.3334,0.25,0.25,0.25,0.25
2663,0.9674,0.5,0.3333,0.3333,0.3334,0.25,0.25,0.25,0.25
2664,0.8709,0.5,0.3333,0.3333,0.3334,0.25,0.25,0.25,0.25
2665,0.9673,0.5,0.3333,0.3333,0.3334,0.25,0.25,0.25,0.25
2666,0.5287,0.5,0.3333,0.3333,0.3334,0.25,0.25,0.25,0.25
2667,0.9964,0.5,0.3333,0.3333,0.3334,0.25,0.25,0.25,0.25
2668,1.0,0.5,0.3333,0.3333,0.3334,0.25,0.25,0.25,0.25
2669,0.989,0.5,0.3333,0.3333,0.3334,0.25,0.25,0.25,0.25
2670,0.9542,0.5,0.3333,0.3333,0.3334,0.25,0.25,0.25,0.25
2671,0.9964,0.5,0.3333,0.3333,0.3334,0.25,0.25,0.25,0.25
2672,0.9814,0.5,0.3333,0.3333,0.3334,0.25,0.25,0.25,0.25
2673,0.9729,0.5,0.3333,0.3333,0.3334,0.25,0.25,0.25,0.25
2674,0.9856,0.5,0.3333,0.3333,0.3334,0.25,0.25,0.25,0.25
2675,0.9931,0.5,0.3333,0.3333,0.3334,0.25,0.25,0.25,0.25
2676,0.9555,0.5,0.3333,0.3333,0.3334,0.25,0.25,0.25,0.25
2677,0.9981,0.5,0.3333,0.3333,0.3334,0.25,0.25,0.25,0.25
2678,0.2759,0.5,0.3333,0.3333,0.3334,0.25,0.25,0.25,0.25
2679,0.0,0.5,0.3333,0.3333,0.3334,0.25,0.25,0.25,0.25
2680,0.9696,0.5,0.3333,0.3333,0.3334,0.25,0.25,0.25,0.25
2681,0.987,0.5,0.3333,0.3333,0.3334,0.25,0.25,0.25,0.25
2682,0.9312,0.5,0.3333,0.3333,0.3334,0.25,0.25,0.25,0.25
2683,0.9229,0.5,0.3333,0.3333,0.3334,0.25,0.25,0.25,0.25
2684,0.9507,0.5,0.3333,0.3333,0.3334,0.25,0.25,0.25,0.25
2685,0.9999,0.5,0.3333,0.3333,0.3334,0.25,0.25,0.25,0.25
2686,0.9993,0.5,0.3333,0.3333,0.3334,0.25,0.25,0.25,0.25
2687,0.9243,0.5,0.3333,0.3333,0.3334,0.25,0.25,0.25,0.25
2688,0.9994,0.5,0.3333,0.3333,0.3334,0.25,0.25,0.25,0.25
2689,0.0,0.5,0.3333,0.3333,0.3334,0.25,0.25,0.25,0.25
2690,0.9971,0.5,0.3333,0.3333,0.3334,0.25,0.25,0.25,0.25
2691,0.7736,0.5,0.3333,0.3333,0.3334,0.25,0.25,0.25,0.25
2692,0.9601,0.5,0.3333,0.3333,0.3334,0.25,0.25,0.25,0.25
2693,0.9653,0.5,0.3333,0.3333,0.3334,0.25,0.25,0.25,0.25
2694,1.0,0.5,0.3333,0.3333,0.3334,0.25,0.25,0.25,0.25
2695,0.932,0.5,0.3333,0.3333,0.3334,0.25,0.25,0.25,0.25
2696,0.984,0.5,0.3333,0.3333,0.3334,0.25,0.25,0.25,0.25
2697,0.9994,0.5,0.3333,0.3333,0.3334,0.25,0.25,0.25,0.25
2698,0.9901,0.5,0.3333,0.3333,0.3334,0.25,0.25,0.25,0.25
2699,0.9692,0.5,0.3333,0.3333,0.3334,0.25,0.25,0.25,0.25
2700,0.9829,0.5,0.3333,0.3333,0.3334,0.25,0.25,0.25,0.25
2701,0.9837,0.5,0.3333,0.3333,0.3334,0.25,0.25,0.25,0.25
2702,0.9487,0.5,0.3333,0.3333,0.3334,0.25,0.25,0.25,0.25
2704,0.9844,0.5,0.3333,0.3333,0.3334,0.25,0.25,0.25,0.25
2705,0.9939,0.5,0.3333,0.3333,0.3334,0.25,0.25,0.25,0.25
2706,0.9978,0.5,0.3333,0.3333,0.3334,0.25,0.25,0.25,0.25
2707,0.9952,0.5,0.3333,0.3333,0.3334,0.25,0.25,0.25,0.25
2708,0.9936,0.5,0.3333,0.3333,0.3334,0.25,0.25,0.25,0.25
2709,0.9556,0.5,0.3333,0.3333,0.3334,0.25,0.25,0.25,0.25
2710,0.6858,0.5,0.3333,0.3333,0.3334,0.25,0.25,0.25,0.25
2711,0.9938,0.5,0.3333,0.3333,0.3334,0.25,0.25,0.25,0.25
2712,0.9981,0.5,0.3333,0.3333,0.3334,0.25,0.25,0.25,0.25
2713,0.0,0.5,0.3333,0.3333,0.3334,0.25,0.25,0.25,0.25
2714,0.9789,0.5,0.3333,0.3333,0.3334,0.25,0.25,0.25,0.25
2715,0.0035,0.5,0.3333,0.3333,0.3334,0.25,0.25,0.25,0.25
2716,0.9819,0.5,0.3333,0.3333,0.3334,0.25,0.25,0.25,0.25
2717,0.9927,0.5,0.3333,0.3333,0.3334,0.25,0.25,0.25,0.25
2718,0.9977,0.5,0.3333,0.3333,0.3334,0.25,0.25,0.25,0.25
2719,0.6796,0.5,0.3333,0.3333,0.3334,0.25,0.25,0.25,0.25
2720,0.9998,0.5,0.3333,0.3333,0.3334,0.25,0.25,0.25,0.25
2721,0.953,0.5,0.3333,0.3333,0.3334,0.25,0.25,0.25,0.25
2722,0.0899,0.5,0.3333,0.3333,0.3334,0.25,0.25,0.25,0.25
2723,0.9952,0.5,0.3333,0.3333,0.3334,0.25,0.25,0.25,0.25
2724,0.9995,0.5,0.3333,0.3333,0.3334,0.25,0.25,0.25,0.25
2725,0.3472,0.5,0.3333,0.3333,0.3334,0.25,0.25,0.25,0.25
2726,0.9537,0.5,0.3333,0.3333,0.3334,0.25,0.25,0.25,0.25
2727,0.887,0.5,0.3333,0.3333,0.3334,0.25,0.25,0.25,0.25
2729,0.9968,0.5,0.3333,0.3333,0.3334,0.25,0.25,0.25,0.25
2730,0.8575,0.5,0.3333,0.3333,0.3334,0.25,0.25,0.25,0.25
2731,0.9825,0.5,0.3333,0.3333,0.3334,0.25,0.25,0.25,0.25
2732,0.9712,0.5,0.3333,0.3333,0.3334,0.25,0.25,0.25,0.25
2733,0.9927,0.5,0.3333,0.3333,0.3334,0.25,0.25,0.25,0.25
2734,0.9999,0.5,0.3333,0.3333,0.3334,0.25,0.25,0.25,0.25
2735,0.9959,0.5,0.3333,0.3333,0.3334,0.25,0.25,0.25,0.25
2736,0.9773,0.5,0.3333,0.3333,0.3334,0.25,0.25,0.25,0.25
2737,1.0,0.5,0.3333,0.3333,0.3334,0.25,0.25,0.25,0.25
2738,0.9994,0.5,0.3333,0.3333,0.3334,0.25,0.25,0.25,0.25
2739,0.9998,0.5,0.3333,0.3333,0.3334,0.25,0.25,0.25,0.25
2740,0.9136,0.5,0.3333,0.3333,0.3334,0.25,0.25,0.25,0.25
2741,0.993,0.5,0.3333,0.3333,0.3334,0.25,0.25,0.25,0.25
2742,0.9999,0.5,0.3333,0.3333,0.3334,0.25,0.25,0.25,0.25
2743,0.9819,0.5,0.3333,0.3333,0.3334,0.25,0.25,0.25,0.25
2744,0.9884,0.5,0.3333,0.3333,0.3334,0.25,0.25,0.25,0.25
2745,0.9928,0.5,0.3333,0.3333,0.3334,0.25,0.25,0.25,0.25
2746,0.9946,0.5,0.3333,0.3333,0.3334,0.25,0.25,0.25,0.25
2747,0.0,0.5,0.3333,0.3333,0.3334,0.25,0.25,0.25,0.25
2748,0.9319,0.5,0.3333,0.3333,0.3334,0.25,0.25,0.25,0.25
2749,0.9982,0.5,0.3333,0.3333,0.3334,0.25,0.25,0.25,0.25
2750,0.9629,0.5,0.3333,0.3333,0.3334,0.25,0.25,0.25,0.25
2751,0.6444,0.5,0.3333,0.3333,0.3334,0.25,0.25,0.25,0.25
2752,0.9993,0.5,0.3333,0.3333,0.3334,0.25,0.25,0.25,0.25
2753,1.0,0.5,0.3333,0.3333,0.3334,0.25,0.25,0.25,0.25
2754,0.8568,0.5,0.3333,0.3333,0.3334,0.25,0.25,0.25,0.25
2755,0.7749,0.5,0.3333,0.3333,0.3334,0.25,0.25,0.25,0.25
2756,0.0078,0.5,0.3333,0.3333,0.3334,0.25,0.25,0.25,0.25
2757,0.8148,0.5,0.3333,0.3333,0.3334,0.25,0.25,0.25,0.25
2758,0.9968,0.5,0.3333,0.3333,0.3334,0.25,0.25,0.25,0.25
2759,0.9739,0.5,0.3333,0.3333,0.3334,0.25,0.25,0.25,0.25
2760,0.9985,0.5,0.3333,0.3333,0.3334,0.25,0.25,0.25,0.25
2762,0.9999,0.5,0.3333,0.3333,0.3334,0.25,0.25,0.25,0.25
2763,0.977,0.5,0.3333,0.3333,0.3334,0.25,0.25,0.25,0.25
2764,0.9803,0.5,0.3333,0.3333,0.3334,0.25,0.25,0.25,0.25
2765,0.9536,0.5,0.3333,0.3333,0.3334,0.25,0.25,0.25,0.25
2766,0.9096,0.5,0.3333,0.3333,0.3334,0.25,0.25,0.25,0.25
2767,0.0,0.5,0.3333,0.3333,0.3334,0.25,0.25,0.25,0.25
2768,0.9999,0.5,0.3333,0.3333,0.3334,0.25,0.25,0.25,0.25
2769,1.0,0.5,0.3333,0.3333,0.3334,0.25,0.25,0.25,0.25
2770,0.9982,0.5,0.3333,0.3333,0.3334,0.25,0.25,0.25,0.25
2771,0.9524,0.5,0.3333,0.3333,0.3334,0.25,0.25,0.25,0.25
2772,0.7207,0.5,0.3333,0.3333,0.3334,0.25,0.25,0.25,0.25
2773,0.9723,0.5,0.3333,0.3333,0.3334,0.25,0.25,0.25,0.25
2774,0.9063,0.5,0.3333,0.3333,0.3334,0.25,0.25,0.25,0.25
2775,0.5716,0.5,0.3333,0.3333,0.3334,0.25,0.25,0.25,0.25
2776,0.9998,0.5,0.3333,0.3333,0.3334,0.25,0.25,0.25,0.25
2777,0.998,0.5,0.3333,0.3333,0.3334,0.25,0.25,0.25,0.25
2778,0.9709,0.5,0.3333,0.3333,0.3334,0.25,0.25,0.25,0.25
2779,0.0,0.5,0.3333,0.3333,0.3334,0.25,0.25,0.25,0.25
2780,0.9854,0.5,0.3333,0.3333,0.3334,0.25,0.25,0.25,0.25
2781,0.9599,0.5,0.3333,0.3333,0.3334,0.25,0.25,0.25,0.25
2782,0.7092,0.5,0.3333,0.3333,0.3334,0.25,0.25,0.25,0.25
2783,0.9983,0.5,0.3333,0.3333,0.3334,0.25,0.25,0.25,0.25
2784,0.9999,0.5,0.3333,0.3333,0.3334,0.25,0.25,0.25,0.25
2785,0.9948,0.5,0.3333,0.3333,0.3334,0.25,0.25,0.25,0.25
2786,0.9925,0.5,0.3333,0.3333,0.3334,0.25,0.25,0.25,0.25
2787,0.9619,0.5,0.3333,0.3333,0.3334,0.25,0.25,0.25,0.25
2788,0.9994,0.5,0.3333,0.3333,0.3334,0.25,0.25,0.25,0.25
2789,0.9801,0.5,0.3333,0.3333,0.3334,0.25,0.25,0.25,0.25
2790,0.9128,0.5,0.3333,0.3333,0.3334,0.25,0.25,0.25,0.25
2791,0.2021,0.5,0.3333,0.3333,0.3334,0.25,0.25,0.25,0.25
2792,0.981,0.5,0.3333,0.3333,0.3334,0.25,0.25,0.25,0.25
2793,1.0,0.5,0.3333,0.3333,0.3334,0.25,0.25,0.25,0.25
2794,0.9986,0.5,0.3333,0.3333,0.3334,0.25,0.25,0.25,0.25
2795,0.9995,0.5,0.3333,0.3333,0.3334,0.25,0.25,0.25,0.25
2796,0.5773,0.5,0.3333,0.3333,0.3334,0.25,0.25,0.25,0.25
2797,0.8586,0.5,0.3333,0.3333,0.3334,0.25,0.25,0.25,0.25
2798,0.9293,0.5,0.3333,0.3333,0.3334,0.25,0.25,0.25,0.25
2799,0.9946,0.5,0.3333,0.3333,0.3334,0.25,0.25,0.25,0.25
2800,0.8524,0.5,0.3333,0.3333,0.3334,0.25,0.25,0.25,0.25
2801,0.9999,0.5,0.3333,0.3333,0.3334,0.25,0.25,0.25,0.25
2802,0.9997,0.5,0.3333,0.3333,0.3334,0.25,0.25,0.25,0.25
2803,0.0077,0.5,0.3333,0.3333,0.3334,0.25,0.25,0.25,0.25
2805,0.0,0.5,0.3333,0.3333,0.3334,0.25,0.25,0.25,0.25
2806,0.9616,0.5,0.3333,0.3333,0.3334,0.25,0.25,0.25,0.25
2807,0.9981,0.5,0.3333,0.3333,0.3334,0.25,0.25,0.25,0.25
2808,1.0,0.5,0.3333,0.3333,0.3334,0.25,0.25,0.25,0.25
2809,0.9709,0.5,0.3333,0.3333,0.3334,0.25,0.25,0.25,0.25
2810,1.0,0.5,0.3333,0.3333,0.3334,0.25,0.25,0.25,0.25
2811,0.9964,0.5,0.3333,0.3333,0.3334,0.25,0.25,0.25,0.25
2812,0.9961,0.5,0.3333,0.3333,0.3334,0.25,0.25,0.25,0.25
2813,0.1897,0.5,0.3333,0.3333,0.3334,0.25,0.25,0.25,0.25
2814,0.9751,0.5,0.3333,0.3333,0.3334,0.25,0.25,0.25,0.25
2815,0.9695,0.5,0.3333,0.3333,0.3334,0.25,0.25,0.25,0.25
2816,0.0339,0.5,0.3333,0.3333,0.3334,0.25,0.25,0.25,0.25
2817,0.9847,0.5,0.3333,0.3333,0.3334,0.25,0.25,0.25,0.25
2818,0.4277,0.5,0.3333,0.3333,0.3334,0.25,0.25,0.25,0.25
2819,0.9919,0.5,0.3333,0.3333,0.3334,0.25,0.25,0.25,0.25
2820,0.8887,0.5,0.3333,0.3333,0.3334,0.25,0.25,0.25,0.25
2821,0.9726,0.5,0.3333,0.3333,0.3334,0.25,0.25,0.25,0.25
2822,0.0116,0.5,0.3333,0.3333,0.3334,0.25,0.25,0.25,0.25
2823,0.9965,0.5,0.3333,0.3333,0.3334,0.25,0.25,0.25,0.25
2824,0.9933,0.5,0.3333,0.3333,0.3334,0.25,0.25,0.25,0.25
2825,0.9213,0.5,0.3333,0.3333,0.3334,0.25,0.25,0.25,0.25
2826,0.7027,0.5,0.3333,0.3333,0.3334,0.25,0.25,0.25,0.25
2827,0.9577,0.5,0.3333,0.3333,0.3334,0.25,0.25,0.25,0.25
2828,0.9566,0.5,0.3333,0.3333,0.3334,0.25,0.25,0.25,0.25
2829,0.965,0.5,0.3333,0.3333,0.3334,0.25,0.25,0.25,0.25
2830,0.9918,0.5,0.3333,0.3333,0.3334,0.25,0.25,0.25,0.25
2831,0.9964,0.5,0.3333,0.3333,0.3334,0.25,0.25,0.25,0.25
2832,0.9996,0.5,0.3333,0.3333,0.3334,0.25,0.25,0.25,0.25
2833,0.9542,0.5,0.3333,0.3333,0.3334,0.25,0.25,0.25,0.25
2834,0.5223,0.5,0.3333,0.3333,0.3334,0.25,0.25,0.25,0.25
2835,0.9404,0.5,0.3333,0.3333,0.3334,0.25,0.25,0.25,0.25
2836,0.9966,0.5,0.3333,0.3333,0.3334,0.25,0.25,0.25,0.25
2837,0.856,0.5,0.3333,0.3333,0.3334,0.25,0.25,0.25,0.25
2838,0.9977,0.5,0.3333,0.3333,0.3334,0.25,0.25,0.25,0.25
2839,0.9963,0.5,0.3333,0.3333,0.3334,0.25,0.25,0.25,0.25
2840,0.9931,0.5,0.3333,0.3333,0.3334,0.25,0.25,0.25,0.25
2841,0.968,0.5,0.3333,0.3333,0.3334,0.25,0.25,0.25,0.25
2842,0.9002,0.5,0.3333,0.3333,0.3334,0.25,0.25,0.25,0.25
2843,0.8533,0.5,0.3333,0.3333,0.3334,0.25,0.25,0.25,0.25
2844,0.0,0.5,0.3333,0.3333,0.3334,0.25,0.25,0.25,0.25
2845,0.9998,0.5,0.3333,0.3333,0.3334,0.25,0.25,0.25,0.25
2846,0.9894,0.5,0.3333,0.3333,0.3334,0.25,0.25,0.25,0.25
2847,1.0,0.5,0.3333,0.3333,0.3334,0.25,0.25,0.25,0.25
2848,0.9998,0.5,0.3333,0.3333,0.3334,0.25,0.25,0.25,0.25
2849,0.992,0.5,0.3333,0.3333,0.3334,0.25,0.25,0.25,0.25
2850,0.5403,0.5,0.3333,0.3333,0.3334,0.25,0.25,0.25,0.25
2851,0.7336,0.5,0.3333,0.3333,0.3334,0.25,0.25,0.25,0.25
2852,0.9941,0.5,0.3333,0.3333,0.3334,0.25,0.25,0.25,0.25
2853,0.9508,0.5,0.3333,0.3333,0.3334,0.25,0.25,0.25,0.25
2854,0.9991,0.5,0.3333,0.3333,0.3334,0.25,0.25,0.25,0.25
2855,0.9812,0.5,0.3333,0.3333,0.3334,0.25,0.25,0.25,0.25
2856,0.9991,0.5,0.3333,0.3333,0.3334,0.25,0.25,0.25,0.25
2857,0.9998,0.5,0.3333,0.3333,0.3334,0.25,0.25,0.25,0.25
2858,0.9905,0.5,0.3333,0.3333,0.3334,0.25,0.25,0.25,0.25
2859,0.9214,0.5,0.3333,0.3333,0.3334,0.25,0.25,0.25,0.25
2860,0.7811,0.5,0.3333,0.3333,0.3334,0.25,0.25,0.25,0.25
2861,0.6876,0.5,0.3333,0.3333,0.3334,0.25,0.25,0.25,0.25
2862,0.951,0.5,0.3333,0.3333,0.3334,0.25,0.25,0.25,0.25
2863,0.7787,0.5,0.3333,0.3333,0.3334,0.25,0.25,0.25,0.25
2864,1.0,0.5,0.3333,0.3333,0.3334,0.25,0.25,0.25,0.25
2865,0.7768,0.5,0.3333,0.3333,0.3334,0.25,0.25,0.25,0.25
2866,0.2769,0.5,0.3333,0.3333,0.3334,0.25,0.25,0.25,0.25
2867,0.9536,0.5,0.3333,0.3333,0.3334,0.25,0.25,0.25,0.25
2868,0.5334,0.5,0.3333,0.3333,0.3334,0.25,0.25,0.25,0.25
2869,1.0,0.5,0.3333,0.3333,0.3334,0.25,0.25,0.25,0.25
2870,0.9975,0.5,0.3333,0.3333,0.3334,0.25,0.25,0.25,0.25
2871,0.0,0.5,0.3333,0.3333,0.3334,0.25,0.25,0.25,0.25
2872,0.9998,0.5,0.3333,0.3333,0.3334,0.25,0.25,0.25,0.25
2873,0.9999,0.5,0.3333,0.3333,0.3334,0.25,0.25,0.25,0.25
2874,0.9999,0.5,0.3333,0.3333,0.3334,0.25,0.25,0.25,0.25
2875,0.8949,0.5,0.3333,0.3333,0.3334,0.25,0.25,0.25,0.25
2876,0.9995,0.5,0.3333,0.3333,0.3334,0.25,0.25,0.25,0.25
2878,0.9909,0.5,0.3333,0.3333,0.3334,0.25,0.25,0.25,0.25
2879,0.9011,0.5,0.3333,0.3333,0.3334,0.25,0.25,0.25,0.25
2880,0.9877,0.5,0.3333,0.3333,0.3334,0.25,0.25,0.25,0.25
2881,0.4546,0.5,0.3333,0.3333,0.3334,0.25,0.25,0.25,0.25
2882,0.778,0.5,0.3333,0.3333,0.3334,0.25,0.25,0.25,0.25
2883,0.9231,0.5,0.3333,0.3333,0.3334,0.25,0.25,0.25,0.25
2884,0.9954,0.5,0.3333,0.3333,0.3334,0.25,0.25,0.25,0.25
2885,0.9456,0.5,0.3333,0.3333,0.3334,0.25,0.25,0.25,0.25
2886,0.985,0.5,0.3333,0.3333,0.3334,0.25,0.25,0.25,0.25
2887,0.9969,0.5,0.3333,0.3333,0.3334,0.25,0.25,0.25,0.25
2888,0.9999,0.5,0.3333,0.3333,0.3334,0.25,0.25,0.25,0.25
2889,1.0,0.5,0.3333,0.3333,0.3334,0.25,0.25,0.25,0.25
2890,1.0,0.5,0.3333,0.3333,0.3334,0.25,0.25,0.25,0.25
2891,0.9971,0.5,0.3333,0.3333,0.3334,0.25,0.25,0.25,0.25
2892,0.9598,0.5,0.3333,0.3333,0.3334,0.25,0.25,0.25,0.25
2893,1.0,0.5,0.3333,0.3333,0.3334,0.25,0.25,0.25,0.25
2894,0.0,0.5,0.3333,0.3333,0.3334,0.25,0.25,0.25,0.25
2895,0.9644,0.5,0.3333,0.3333,0.3334,0.25,0.25,0.25,0.25
2896,1.0,0.5,0.3333,0.3333,0.3334,0.25,0.25,0.25,0.25
2897,0.9955,0.5,0.3333,0.3333,0.3334,0.25,0.25,0.25,0.25
2898,0.9988,0.5,0.3333,0.3333,0.3334,0.25,0.25,0.25,0.25
2899,0.9777,0.5,0.3333,0.3333,0.3334,0.25,0.25,0.25,0.25
2900,0.986,0.5,0.3333,0.3333,0.3334,0.25,0.25,0.25,0.25
2901,0.9574,0.5,0.3333,0.3333,0.3334,0.25,0.25,0.25,0.25
2902,0.9852,0.5,0.3333,0.3333,0.3334,0.25,0.25,0.25,0.25
2903,0.0052,0.5,0.3333,0.3333,0.3334,0.25,0.25,0.25,0.25
2904,0.0,0.5,0.3333,0.3333,0.3334,0.25,0.25,0.25,0.25
2905,0.9728,0.5,0.3333,0.3333,0.3334,0.25,0.25,0.25,0.25
2906,0.5391,0.5,0.3333,0.3333,0.3334,0.25,0.25,0.25,0.25
2907,0.9961,0.5,0.3333,0.3333,0.3334,0.25,0.25,0.25,0.25
2908,0.9924,0.5,0.3333,0.3333,0.3334,0.25,0.25,0.25,0.25
2909,0.9088,0.5,0.3333,0.3333,0.3334,0.25,0.25,0.25,0.25
2910,0.005,0.5,0.3333,0.3333,0.3334,0.25,0.25,0.25,0.25
2911,0.9985,0.5,0.3333,0.3333,0.3334,0.25,0.25,0.25,0.25
2912,0.9598,0.5,0.3333,0.3333,0.3334,0.25,0.25,0.25,0.25
2913,0.9998,0.5,0.3333,0.3333,0.3334,0.25,0.25,0.25,0.25
2914,0.9865,0.5,0.3333,0.3333,0.3334,0.25,0.25,0.25,0.25
2915,0.9148,0.5,0.3333,0.3333,0.3334,0.25,0.25,0.25,0.25
2916,0.9975,0.5,0.3333,0.3333,0.3334,0.25,0.25,0.25,0.25
2917,0.6442,0.5,0.3333,0.3333,0.3334,0.25,0.25,0.25,0.25
2918,0.938,0.5,0.3333,0.3333,0.3334,0.25,0.25,0.25,0.25
2919,0.9993,0.5,0.3333,0.3333,0.3334,0.25,0.25,0.25,0.25
2920,0.9533,0.5,0.3333,0.3333,0.3334,0.25,0.25,0.25,0.25
2921,0.9981,0.5,0.3333,0.3333,0.3334,0.25,0.25,0.25,0.25
2922,0.9894,0.5,0.3333,0.3333,0.3334,0.25,0.25,0.25,0.25
2923,0.9989,0.5,0.3333,0.3333,0.3334,0.25,0.25,0.25,0.25
2924,0.9966,0.5,0.3333,0.3333,0.3334,0.25,0.25,0.25,0.25
2925,0.1233,0.5,0.3333,0.3333,0.3334,0.25,0.25,0.25,0.25
2926,0.9928,0.5,0.3333,0.3333,0.3334,0.25,0.25,0.25,0.25
2927,1.0,0.5,0.3333,0.3333,0.3334,0.25,0.25,0.25,0.25
2928,0.9642,0.5,0.3333,0.3333,0.3334,0.25,0.25,0.25,0.25
2929,0.7856,0.5,0.3333,0.3333,0.3334,0.25,0.25,0.25,0.25
2930,0.9952,0.5,0.3333,0.3333,0.3334,0.25,0.25,0.25,0.25
2931,0.4468,0.5,0.3333,0.3333,0.3334,0.25,0.25,0.25,0.25
2932,0.9829,0.5,0.3333,0.3333,0.3334,0.25,0.25,0.25,0.25
2933,0.0048,0.5,0.3333,0.3333,0.3334,0.25,0.25,0.25,0.25
2934,0.9507,0.5,0.3333,0.3333,0.3334,0.25,0.25,0.25,0.25
2935,0.7571,0.5,0.3333,0.3333,0.3334,0.25,0.25,0.25,0.25
2936,0.8892,0.5,0.3333,0.3333,0.3334,0.25,0.25,0.25,0.25
2937,0.9997,0.5,0.3333,0.3333,0.3334,0.25,0.25,0.25,0.25
2938,0.9916,0.5,0.3333,0.3333,0.3334,0.25,0.25,0.25,0.25
2939,0.0,0.5,0.3333,0.3333,0.3334,0.25,0.25,0.25,0.25
2940,0.9767,0.5,0.3333,0.3333,0.3334,0.25,0.25,0.25,0.25
2941,0.9227,0.5,0.3333,0.3333,0.3334,0.25,0.25,0.25,0.25
2942,0.6163,0.5,0.3333,0.3333,0.3334,0.25,0.25,0.25,0.25
2943,0.801,0.5,0.3333,0.3333,0.3334,0.25,0.25,0.25,0.25
2944,0.7631,0.5,0.3333,0.3333,0.3334,0.25,0.25,0.25,0.25
2945,1.0,0.5,0.3333,0.3333,0.3334,0.25,0.25,0.25,0.25
2946,0.9981,0.5,0.3333,0.3333,0.3334,0.25,0.25,0.25,0.25
2947,0.9962,0.5,0.3333,0.3333,0.3334,0.25,0.25,0.25,0.25
2948,0.7618,0.5,0.3333,0.3333,0.3334,0.25,0.25,0.25,0.25
2949,0.9963,0.5,0.3333,0.3333,0.3334,0.25,0.25,0.25,0.25
2950,0.8753,0.5,0.3333,0.3333,0.3334,0.25,0.25,0.25,0.25
2952,0.993,0.5,0.3333,0.3333,0.3334,0.25,0.25,0.25,0.25
2953,0.9828,0.5,0.3333,0.3333,0.3334,0.25,0.25,0.25,0.25
2954,0.953,0.5,0.3333,0.3333,0.3334,0.25,0.25,0.25,0.25
2955,0.955,0.5,0.3333,0.3333,0.3334,0.25,0.25,0.25,0.25
2956,0.9985,0.5,0.3333,0.3333,0.3334,0.25,0.25,0.25,0.25
2957,0.9729,0.5,0.3333,0.3333,0.3334,0.25,0.25,0.25,0.25
2958,0.9303,0.5,0.3333,0.3333,0.3334,0.25,0.25,0.25,0.25
2959,0.984,0.5,0.3333,0.3333,0.3334,0.25,0.25,0.25,0.25
2960,0.9398,0.5,0.3333,0.3333,0.3334,0.25,0.25,0.25,0.25
2961,0.0,0.5,0.3333,0.3333,0.3334,0.25,0.25,0.25,0.25
2962,0.9989,0.5,0.3333,0.3333,0.3334,0.25,0.25,0.25,0.25
2963,0.9973,0.5,0.3333,0.3333,0.3334,0.25,0.25,0.25,0.25
2964,0.0,0.5,0.3333,0.3333,0.3334,0.25,0.25,0.25,0.25
2966,0.9969,0.5,0.3333,0.3333,0.3334,0.25,0.25,0.25,0.25
2967,0.9008,0.5,0.3333,0.3333,0.3334,0.25,0.25,0.25,0.25
2968,0.0504,0.5,0.3333,0.3333,0.3334,0.25,0.25,0.25,0.25
2969,0.7048,0.5,0.3333,0.3333,0.3334,0.25,0.25,0.25,0.25
2970,0.999,0.5,0.3333,0.3333,0.3334,0.25,0.25,0.25,0.25
2971,0.9971,0.5,0.3333,0.3333,0.3334,0.25,0.25,0.25,0.25
2972,0.7009,0.5,0.3333,0.3333,0.3334,0.25,0.25,0.25,0.25
2973,0.98,0.5,0.3333,0.3333,0.3334,0.25,0.25,0.25,0.25
2974,0.3923,0.5,0.3333,0.3333,0.3334,0.25,0.25,0.25,0.25
2975,0.9498,0.5,0.3333,0.3333,0.3334,0.25,0.25,0.25,0.25
2976,0.9981,0.5,0.3333,0.3333,0.3334,0.25,0.25,0.25,0.25
2977,0.0032,0.5,0.3333,0.3333,0.3334,0.25,0.25,0.25,0.25
2978,1.0,0.5,0.3333,0.3333,0.3334,0.25,0.25,0.25,0.25
2979,0.9738,0.5,0.3333,0.3333,0.3334,0.25,0.25,0.25,0.25
2980,0.9993,0.5,0.3333,0.3333,0.3334,0.25,0.25,0.25,0.25
2981,0.999,0.5,0.3333,0.3333,0.3334,0.25,0.25,0.25,0.25
2982,0.9751,0.5,0.3333,0.3333,0.3334,0.25,0.25,0.25,0.25
2983,0.7371,0.5,0.3333,0.3333,0.3334,0.25,0.25,0.25,0.25
2984,0.9739,0.5,0.3333,0.3333,0.3334,0.25,0.25,0.25,0.25
2985,0.3838,0.5,0.3333,0.3333,0.3334,0.25,0.25,0.25,0.25
2986,0.9976,0.5,0.3333,0.3333,0.3334,0.25,0.25,0.25,0.25
2987,0.9998,0.5,0.3333,0.3333,0.3334,0.25,0.25,0.25,0.25
2988,0.8846,0.5,0.3333,0.3333,0.3334,0.25,0.25,0.25,0.25
2989,0.4236,0.5,0.3333,0.3333,0.3334,0.25,0.25,0.25,0.25
2990,0.6989,0.5,0.3333,0.3333,0.3334,0.25,0.25,0.25,0.25
2991,0.7463,0.5,0.3333,0.3333,0.3334,0.25,0.25,0.25,0.25
2992,1.0,0.5,0.3333,0.3333,0.3334,0.25,0.25,0.25,0.25
2993,0.0,0.5,0.3333,0.3333,0.3334,0.25,0.25,0.25,0.25
2994,0.9046,0.5,0.3333,0.3333,0.3334,0.25,0.25,0.25,0.25
2995,0.808,0.5,0.3333,0.3333,0.3334,0.25,0.25,0.25,0.25
2996,0.0,0.5,0.3333,0.3333,0.3334,0.25,0.25,0.25,0.25
2997,0.1977,0.5,0.3333,0.3333,0.3334,0.25,0.25,0.25,0.25
2998,0.8157,0.5,0.3333,0.3333,0.3334,0.25,0.25,0.25,0.25
2999,0.0,0.5,0.3333,0.3333,0.3334,0.25,0.25,0.25,0.25
3000,0.1521,0.5,0.3333,0.3333,0.3334,0.25,0.25,0.25,0.25
3001,0.9994,0.5,0.3333,0.3333,0.3334,0.25,0.25,0.25,0.25
3002,0.7906,0.5,0.3333,0.3333,0.3334,0.25,0.25,0.25,0.25
3003,0.9812,0.5,0.3333,0.3333,0.3334,0.25,0.25,0.25,0.25
3004,0.9864,0.5,0.3333,0.3333,0.3334,0.25,0.25,0.25,0.25
3005,0.9999,0.5,0.3333,0.3333,0.3334,0.25,0.25,0.25,0.25
3006,0.9998,0.5,0.3333,0.3333,0.3334,0.25,0.25,0.25,0.25
3007,0.9721,0.5,0.3333,0.3333,0.3334,0.25,0.25,0.25,0.25
3008,0.9827,0.5,0.3333,0.3333,0.3334,0.25,0.25,0.25,0.25
3009,0.9783,0.5,0.3333,0.3333,0.3334,0.25,0.25,0.25,0.25
3010,0.9997,0.5,0.3333,0.3333,0.3334,0.25,0.25,0.25,0.25
3011,1.0,0.5,0.3333,0.3333,0.3334,0.25,0.25,0.25,0.25
3012,0.7838,0.5,0.3333,0.3333,0.3334,0.25,0.25,0.25,0.25
3013,0.8507,0.5,0.3333,0.3333,0.3334,0.25,0.25,0.25,0.25
3014,0.0,0.5,0.3333,0.3333,0.3334,0.25,0.25,0.25,0.25
3015,0.9997,0.5,0.3333,0.3333,0.3334,0.25,0.25,0.25,0.25
3016,0.9902,0.5,0.3333,0.3333,0.3334,0.25,0.25,0.25,0.25
3017,0.9754,0.5,0.3333,0.3333,0.3334,0.25,0.25,0.25,0.25
3018,1.0,0.5,0.3333,0.3333,0.3334,0.25,0.25,0.25,0.25
3019,0.9998,0.5,0.3333,0.3333,0.3334,0.25,0.25,0.25,0.25
3020,0.9535,0.5,0.3333,0.3333,0.3334,0.25,0.25,0.25,0.25
3021,0.0292,0.5,0.3333,0.3333,0.3334,0.25,0.25,0.25,0.25
3022,0.9958,0.5,0.3333,0.3333,0.3334,0.25,0.25,0.25,0.25
3023,0.0,0.5,0.3333,0.3333,0.3334,0.25,0.25,0.25,0.25
3024,0.49,0.5,0.3333,0.3333,0.3334,0.25,0.25,0.25,0.25
3025,0.9912,0.5,0.3333,0.3333,0.3334,0.25,0.25,0.25,0.25
3026,0.9999,0.5,0.3333,0.3333,0.3334,0.25,0.25,0.25,0.25
3027,0.8669,0.5,0.3333,0.3333,0.3334,0.25,0.25,0.25,0.25
3028,0.5812,0.5,0.3333,0.3333,0.3334,0.25,0.25,0.25,0.25
3029,0.9703,0.5,0.3333,0.3333,0.3334,0.25,0.25,0.25,0.25
3030,0.911,0.5,0.3333,0.3333,0.3334,0.25,0.25,0.25,0.25
3031,0.8325,0.5,0.3333,0.3333,0.3334,0.25,0.25,0.25,0.25
3032,0.9901,0.5,0.3333,0.3333,0.3334,0.25,0.25,0.25,0.25
3033,0.9997,0.5,0.3333,0.3333,0.3334,0.25,0.25,0.25,0.25
3034,0.0235,0.5,0.3333,0.3333,0.3334,0.25,0.25,0.25,0.25
3035,0.9679,0.5,0.3333,0.3333,0.3334,0.25,0.25,0.25,0.25
3036,0.997,0.5,0.3333,0.3333,0.3334,0.25,0.25,0.25,0.25
3037,0.9637,0.5,0.3333,0.3333,0.3334,0.25,0.25,0.25,0.25
3038,0.2049,0.5,0.3333,0.3333,0.3334,0.25,0.25,0.25,0.25
3039,0.9856,0.5,0.3333,0.3333,0.3334,0.25,0.25,0.25,0.25
3040,0.8802,0.5,0.3333,0.3333,0.3334,0.25,0.25,0.25,0.25
3041,0.9367,0.5,0.3333,0.3333,0.3334,0.25,0.25,0.25,0.25
3042,0.8931,0.5,0.3333,0.3333,0.3334,0.25,0.25,0.25,0.25
3043,0.0,0.5,0.3333,0.3333,0.3334,0.25,0.25,0.25,0.25
3044,0.8964,0.5,0.3333,0.3333,0.3334,0.25,0.25,0.25,0.25
3045,0.9947,0.5,0.3333,0.3333,0.3334,0.25,0.25,0.25,0.25
3046,0.8212,0.5,0.3333,0.3333,0.3334,0.25,0.25,0.25,0.25
3047,0.993,0.5,0.3333,0.3333,0.3334,0.25,0.25,0.25,0.25
3048,0.9792,0.5,0.3333,0.3333,0.3334,0.25,0.25,0.25,0.25
3049,0.5395,0.5,0.3333,0.3333,0.3334,0.25,0.25,0.25,0.25
3050,0.9958,0.5,0.3333,0.3333,0.3334,0.25,0.25,0.25,0.25
3051,0.108,0.5,0.3333,0.3333,0.3334,0.25,0.25,0.25,0.25
3052,0.9975,0.5,0.3333,0.3333,0.3334,0.25,0.25,0.25,0.25
3053,0.9401,0.5,0.3333,0.3333,0.3334,0.25,0.25,0.25,0.25
3054,0.9946,0.5,0.3333,0.3333,0.3334,0.25,0.25,0.25,0.25
3055,0.6525,0.5,0.3333,0.3333,0.3334,0.25,0.25,0.25,0.25
3056,0.9871,0.5,0.3333,0.3333,0.3334,0.25,0.25,0.25,0.25
3057,0.0,0.5,0.3333,0.3333,0.3334,0.25,0.25,0.25,0.25
3058,0.0,0.5,0.3333,0.3333,0.3334,0.25,0.25,0.25,0.25
3059,0.9805,0.5,0.3333,0.3333,0.3334,0.25,0.25,0.25,0.25
3060,0.994,0.5,0.3333,0.3333,0.3334,0.25,0.25,0.25,0.25
3061,0.9614,0.5,0.3333,0.3333,0.3334,0.25,0.25,0.25,0.25
3062,0.7609,0.5,0.3333,0.3333,0.3334,0.25,0.25,0.25,0.25
3063,0.9277,0.5,0.3333,0.3333,0.3334,0.25,0.25,0.25,0.25
3064,0.9937,0.5,0.3333,0.3333,0.3334,0.25,0.25,0.25,0.25
3065,0.8921,0.5,0.3333,0.3333,0.3334,0.25,0.25,0.25,0.25
3066,0.8018,0.5,0.3333,0.3333,0.3334,0.25,0.25,0.25,0.25
3067,0.9638,0.5,0.3333,0.3333,0.3334,0.25,0.25,0.25,0.25
3068,0.9394,0.5,0.3333,0.3333,0.3334,0.25,0.25,0.25,0.25
3069,0.0,0.5,0.3333,0.3333,0.3334,0.25,0.25,0.25,0.25
3070,0.1431,0.5,0.3333,0.3333,0.3334,0.25,0.25,0.25,0.25
3071,0.9857,0.5,0.3333,0.3333,0.3334,0.25,0.25,0.25,0.25
3072,0.9516,0.5,0.3333,0.3333,0.3334,0.25,0.25,0.25,0.25
3073,0.8975,0.5,0.3333,0.3333,0.3334,0.25,0.25,0.25,0.25
3074,0.9984,0.5,0.3333,0.3333,0.3334,0.25,0.25,0.25,0.25
3075,0.9999,0.5,0.3333,0.3333,0.3334,0.25,0.25,0.25,0.25
3076,0.9986,0.5,0.3333,0.3333,0.3334,0.25,0.25,0.25,0.25
3077,0.9954,0.5,0.3333,0.3333,0.3334,0.25,0.25,0.25,0.25
3078,0.9181,0.5,0.3333,0.3333,0.3334,0.25,0.25,0.25,0.25
3079,0.9866,0.5,0.3333,0.3333,0.3334,0.25,0.25,0.25,0.25
3080,0.9017,0.5,0.3333,0.3333,0.3334,0.25,0.25,0.25,0.25
3081,0.9443,0.5,0.3333,0.3333,0.3334,0.25,0.25,0.25,0.25
3082,0.7845,0.5,0.3333,0.3333,0.3334,0.25,0.25,0.25,0.25
3083,0.3255,0.5,0.3333,0.3333,0.3334,0.25,0.25,0.25,0.25
3084,0.987,0.5,0.3333,0.3333,0.3334,0.25,0.25,0.25,0.25
3085,0.9885,0.5,0.3333,0.3333,0.3334,0.25,0.25,0.25,0.25
3086,0.9999,0.5,0.3333,0.3333,0.3334,0.25,0.25,0.25,0.25
3087,0.9637,0.5,0.3333,0.3333,0.3334,0.25,0.25,0.25,0.25
3088,1.0,0.5,0.3333,0.3333,0.3334,0.25,0.25,0.25,0.25
3089,0.9972,0.5,0.3333,0.3333,0.3334,0.25,0.25,0.25,0.25
3090,0.9831,0.5,0.3333,0.3333,0.3334,0.25,0.25,0.25,0.25
3091,1.0,0.5,0.3333,0.3333,0.3334,0.25,0.25,0.25,0.25
3092,0.0,0.5,0.3333,0.3333,0.3334,0.25,0.25,0.25,0.25
3093,0.9674,0.5,0.3333,0.3333,0.3334,0.25,0.25,0.25,0.25
3094,0.9934,0.5,0.3333,0.3333,0.3334,0.25,0.25,0.25,0.25
3095,0.3781,0.5,0.3333,0.3333,0.3334,0.25,0.25,0.25,0.25
3096,0.9594,0.5,0.3333,0.3333,0.3334,0.25,0.25,0.25,0.25
3097,0.9932,0.5,0.3333,0.3333,0.3334,0.25,0.25,0.25,0.25
3098,0.9975,0.5,0.3333,0.3333,0.3334,0.25,0.25,0.25,0.25
3099,0.9979,0.5,0.3333,0.3333,0.3334,0.25,0.25,0.25,0.25
3100,0.6006,0.5,0.3333,0.3333,0.3334,0.25,0.25,0.25,0.25
3101,0.6719,0.5,0.3333,0.3333,0.3334,0.25,0.25,0.25,0.25
3102,0.6493,0.5,0.3333,0.3333,0.3334,0.25,0.25,0.25,0.25
3103,0.1684,0.5,0.3333,0.3333,0.3334,0.25,0.25,0.25,0.25
3104,0.9832,0.5,0.3333,0.3333,0.3334,0.25,0.25,0.25,0.25
3105,0.6836,0.5,0.3333,0.3333,0.3334,0.25,0.25,0.25,0.25
3106,1.0,0.5,0.3333,0.3333,0.3334,0.25,0.25,0.25,0.25
3108,0.9999,0.5,0.3333,0.3333,0.3334,0.25,0.25,0.25,0.25
3109,0.9928,0.5,0.3333,0.3333,0.3334,0.25,0.25,0.25,0.25
3110,0.9903,0.5,0.3333,0.3333,0.3334,0.25,0.25,0.25,0.25
3111,0.8506,0.5,0.3333,0.3333,0.3334,0.25,0.25,0.25,0.25
3112,0.0,0.5,0.3333,0.3333,0.3334,0.25,0.25,0.25,0.25
3113,0.9915,0.5,0.3333,0.3333,0.3334,0.25,0.25,0.25,0.25
3114,0.997,0.5,0.3333,0.3333,0.3334,0.25,0.25,0.25,0.25
3115,0.9999,0.5,0.3333,0.3333,0.3334,0.25,0.25,0.25,0.25
3116,0.0072,0.5,0.3333,0.3333,0.3334,0.25,0.25,0.25,0.25
3117,0.9856,0.5,0.3333,0.3333,0.3334,0.25,0.25,0.25,0.25
3118,0.9781,0.5,0.3333,0.3333,0.3334,0.25,0.25,0.25,0.25
3119,0.9976,0.5,0.3333,0.3333,0.3334,0.25,0.25,0.25,0.25
3120,0.0,0.5,0.3333,0.3333,0.3334,0.25,0.25,0.25,0.25
3121,0.9967,0.5,0.3333,0.3333,0.3334,0.25,0.25,0.25,0.25
3122,0.8594,0.5,0.3333,0.3333,0.3334,0.25,0.25,0.25,0.25
3123,0.8352,0.5,0.3333,0.3333,0.3334,0.25,0.25,0.25,0.25
3124,0.9991,0.5,0.3333,0.3333,0.3334,0.25,0.25,0.25,0.25
3125,0.9911,0.5,0.3333,0.3333,0.3334,0.25,0.25,0.25,0.25
3126,0.9996,0.5,0.3333,0.3333,0.3334,0.25,0.25,0.25,0.25
3127,0.9938,0.5,0.3333,0.3333,0.3334,0.25,0.25,0.25,0.25
3128,0.9997,0.5,0.3333,0.3333,0.3334,0.25,0.25,0.25,0.25
3129,0.9958,0.5,0.3333,0.3333,0.3334,0.25,0.25,0.25,0.25
3130,0.9585,0.5,0.3333,0.3333,0.3334,0.25,0.25,0.25,0.25
3131,0.9994,0.5,0.3333,0.3333,0.3334,0.25,0.25,0.25,0.25
3132,0.9768,0.5,0.3333,0.3333,0.3334,0.25,0.25,0.25,0.25
3133,0.052,0.5,0.3333,0.3333,0.3334,0.25,0.25,0.25,0.25
3134,0.9948,0.5,0.3333,0.3333,0.3334,0.25,0.25,0.25,0.25
3135,0.999,0.5,0.3333,0.3333,0.3334,0.25,0.25,0.25,0.25
3136,0.9968,0.5,0.3333,0.3333,0.3334,0.25,0.25,0.25,0.25
3137,0.9547,0.5,0.3333,0.3333,0.3334,0.25,0.25,0.25,0.25
3138,0.9967,0.5,0.3333,0.3333,0.3334,0.25,0.25,0.25,0.25
3139,0.9416,0.5,0.3333,0.3333,0.3334,0.25,0.25,0.25,0.25
3140,0.9996,0.5,0.3333,0.3333,0.3334,0.25,0.25,0.25,0.25
3141,0.9974,0.5,0.3333,0.3333,0.3334,0.25,0.25,0.25,0.25
3142,0.9608,0.5,0.3333,0.3333,0.3334,0.25,0.25,0.25,0.25
3143,0.9897,0.5,0.3333,0.3333,0.3334,0.25,0.25,0.25,0.25
3144,0.9795,0.5,0.3333,0.3333,0.3334,0.25,0.25,0.25,0.25
3145,0.9514,0.5,0.3333,0.3333,0.3334,0.25,0.25,0.25,0.25
3146,0.9977,0.5,0.3333,0.3333,0.3334,0.25,0.25,0.25,0.25
3147,0.9983,0.5,0.3333,0.3333,0.3334,0.25,0.25,0.25,0.25
3148,0.9946,0.5,0.3333,0.3333,0.3334,0.25,0.25,0.25,0.25
3149,0.9936,0.5,0.3333,0.3333,0.3334,0.25,0.25,0.25,0.25
3150,0.9618,0.5,0.3333,0.3333,0.3334,0.25,0.25,0.25,0.25
3151,0.9943,0.5,0.3333,0.3333,0.3334,0.25,0.25,0.25,0.25
3152,0.9995,0.5,0.3333,0.3333,0.3334,0.25,0.25,0.25,0.25
3153,0.9448,0.5,0.3333,0.3333,0.3334,0.25,0.25,0.25,0.25
3154,0.9773,0.5,0.3333,0.3333,0.3334,0.25,0.25,0.25,0.25
3155,0.953,0.5,0.3333,0.3333,0.3334,0.25,0.25,0.25,0.25
3156,0.2435,0.5,0.3333,0.3333,0.3334,0.25,0.25,0.25,0.25
3157,0.9604,0.5,0.3333,0.3333,0.3334,0.25,0.25,0.25,0.25
3158,0.9621,0.5,0.3333,0.3333,0.3334,0.25,0.25,0.25,0.25
3159,0.9342,0.5,0.3333,0.3333,0.3334,0.25,0.25,0.25,0.25
3160,0.4236,0.5,0.3333,0.3333,0.3334,0.25,0.25,0.25,0.25
3161,0.9667,0.5,0.3333,0.3333,0.3334,0.25,0.25,0.25,0.25
3162,0.9557,0.5,0.3333,0.3333,0.3334,0.25,0.25,0.25,0.25
3163,0.9992,0.5,0.3333,0.3333,0.3334,0.25,0.25,0.25,0.25
3164,0.996,0.5,0.3333,0.3333,0.3334,0.25,0.25,0.25,0.25
3165,0.9949,0.5,0.3333,0.3333,0.3334,0.25,0.25,0.25,0.25
3166,0.9726,0.5,0.3333,0.3333,0.3334,0.25,0.25,0.25,0.25
3167,0.1187,0.5,0.3333,0.3333,0.3334,0.25,0.25,0.25,0.25
3168,0.9998,0.5,0.3333,0.3333,0.3334,0.25,0.25,0.25,0.25
3169,0.8743,0.5,0.3333,0.3333,0.3334,0.25,0.25,0.25,0.25
3170,0.9656,0.5,0.3333,0.3333,0.3334,0.25,0.25,0.25,0.25
3171,0.9768,0.5,0.3333,0.3333,0.3334,0.25,0.25,0.25,0.25
3172,0.9986,0.5,0.3333,0.3333,0.3334,0.25,0.25,0.25,0.25
3173,0.9901,0.5,0.3333,0.3333,0.3334,0.25,0.25,0.25,0.25
3174,0.2741,0.5,0.3333,0.3333,0.3334,0.25,0.25,0.25,0.25
3175,0.9981,0.5,0.3333,0.3333,0.3334,0.25,0.25,0.25,0.25
3176,0.8944,0.5,0.3333,0.3333,0.3334,0.25,0.25,0.25,0.25
3177,0.9865,0.5,0.3333,0.3333,0.3334,0.25,0.25,0.25,0.25
3178,1.0,0.5,0.3333,0.3333,0.3334,0.25,0.25,0.25,0.25
3179,0.0165,0.5,0.3333,0.3333,0.3334,0.25,0.25,0.25,0.25
3180,0.8423,0.5,0.3333,0.3333,0.3334,0.25,0.25,0.25,0.25
3181,0.9148,0.5,0.3333,0.3333,0.3334,0.25,0.25,0.25,0.25
3182,0.9972,0.5,0.3333,0.3333,0.3334,0.25,0.25,0.25,0.25
3183,0.9981,0.5,0.3333,0.3333,0.3334,0.25,0.25,0.25,0.25
3184,0.0,0.5,0.3333,0.3333,0.3334,0.25,0.25,0.25,0.25
3185,0.9537,0.5,0.3333,0.3333,0.3334,0.25,0.25,0.25,0.25
3186,0.9869,0.5,0.3333,0.3333,0.3334,0.25,0.25,0.25,0.25
3187,0.9081,0.5,0.3333,0.3333,0.3334,0.25,0.25,0.25,0.25
3188,0.9608,0.5,0.3333,0.3333,0.3334,0.25,0.25,0.25,0.25
3189,0.9918,0.5,0.3333,0.3333,0.3334,0.25,0.25,0.25,0.25
3190,0.9096,0.5,0.3333,0.3333,0.3334,0.25,0.25,0.25,0.25
3191,0.9976,0.5,0.3333,0.3333,0.3334,0.25,0.25,0.25,0.25
3192,0.9964,0.5,0.3333,0.3333,0.3334,0.25,0.25,0.25,0.25
3193,0.9137,0.5,0.3333,0.3333,0.3334,0.25,0.25,0.25,0.25
3194,0.9794,0.5,0.3333,0.3333,0.3334,0.25,0.25,0.25,0.25
3195,1.0,0.5,0.3333,0.3333,0.3334,0.25,0.25,0.25,0.25
3196,0.0679,0.5,0.3333,0.3333,0.3334,0.25,0.25,0.25,0.25
3197,0.9907,0.5,0.3333,0.3333,0.3334,0.25,0.25,0.25,0.25
3198,0.5137,0.5,0.3333,0.3333,0.3334,0.25,0.25,0.25,0.25
3199,0.9927,0.5,0.3333,0.3333,0.3334,0.25,0.25,0.25,0.25
3200,0.9966,0.5,0.3333,0.3333,0.3334,0.25,0.25,0.25,0.25
3201,0.9971,0.5,0.3333,0.3333,0.3334,0.25,0.25,0.25,0.25
3202,0.9607,0.5,0.3333,0.3333,0.3334,0.25,0.25,0.25,0.25
3203,0.989,0.5,0.3333,0.3333,0.3334,0.25,0.25,0.25,0.25
3204,0.9991,0.5,0.3333,0.3333,0.3334,0.25,0.25,0.25,0.25
3205,0.6158,0.5,0.3333,0.3333,0.3334,0.25,0.25,0.25,0.25
3206,1.0,0.5,0.3333,0.3333,0.3334,0.25,0.25,0.25,0.25
3207,0.4404,0.5,0.3333,0.3333,0.3334,0.25,0.25,0.25,0.25
3208,0.0,0.5,0.3333,0.3333,0.3334,0.25,0.25,0.25,0.25
3209,0.9974,0.5,0.3333,0.3333,0.3334,0.25,0.25,0.25,0.25
3210,0.8797,0.5,0.3333,0.3333,0.3334,0.25,0.25,0.25,0.25
3211,0.8817,0.5,0.3333,0.3333,0.3334,0.25,0.25,0.25,0.25
3212,0.939,0.5,0.3333,0.3333,0.3334,0.25,0.25,0.25,0.25
3213,0.984,0.5,0.3333,0.3333,0.3334,0.25,0.25,0.25,0.25
3214,0.6237,0.5,0.3333,0.3333,0.3334,0.25,0.25,0.25,0.25
3215,0.9482,0.5,0.3333,0.3333,0.3334,0.25,0.25,0.25,0.25
3216,0.9817,0.5,0.3333,0.3333,0.3334,0.25,0.25,0.25,0.25
3217,0.9907,0.5,0.3333,0.3333,0.3334,0.25,0.25,0.25,0.25
3218,0.9848,0.5,0.3333,0.3333,0.3334,0.25,0.25,0.25,0.25
3219,0.9992,0.5,0.3333,0.3333,0.3334,0.25,0.25,0.25,0.25
3220,0.9213,0.5,0.3333,0.3333,0.3334,0.25,0.25,0.25,0.25
3221,0.9997,0.5,0.3333,0.3333,0.3334,0.25,0.25,0.25,0.25
3222,0.9625,0.5,0.3333,0.3333,0.3334,0.25,0.25,0.25,0.25
3223,0.9973,0.5,0.3333,0.3333,0.3334,0.25,0.25,0.25,0.25
3224,0.9999,0.5,0.3333,0.3333,0.3334,0.25,0.25,0.25,0.25
3225,0.9999,0.5,0.3333,0.3333,0.3334,0.25,0.25,0.25,0.25
3226,0.968,0.5,0.3333,0.3333,0.3334,0.25,0.25,0.25,0.25
3227,0.7604,0.5,0.3333,0.3333,0.3334,0.25,0.25,0.25,0.25
3228,0.9979,0.5,0.3333,0.3333,0.3334,0.25,0.25,0.25,0.25
3229,0.995,0.5,0.3333,0.3333,0.3334,0.25,0.25,0.25,0.25
3230,0.9998,0.5,0.3333,0.3333,0.3334,0.25,0.25,0.25,0.25
3231,0.8032,0.5,0.3333,0.3333,0.3334,0.25,0.25,0.25,0.25
3232,0.9607,0.5,0.3333,0.3333,0.3334,0.25,0.25,0.25,0.25
3233,0.9999,0.5,0.3333,0.3333,0.3334,0.25,0.25,0.25,0.25
3234,0.0,0.5,0.3333,0.3333,0.3334,0.25,0.25,0.25,0.25
3235,0.0,0.5,0.3333,0.3333,0.3334,0.25,0.25,0.25,0.25
3236,0.9073,0.5,0.3333,0.3333,0.3334,0.25,0.25,0.25,0.25
3237,0.9607,0.5,0.3333,0.3333,0.3334,0.25,0.25,0.25,0.25
3238,0.998,0.5,0.3333,0.3333,0.3334,0.25,0.25,0.25,0.25
3239,0.9982,0.5,0.3333,0.3333,0.3334,0.25,0.25,0.25,0.25
3240,0.898,0.5,0.3333,0.3333,0.3334,0.25,0.25,0.25,0.25
3241,0.3768,0.5,0.3333,0.3333,0.3334,0.25,0.25,0.25,0.25
3242,0.9924,0.5,0.3333,0.3333,0.3334,0.25,0.25,0.25,0.25
3243,1.0,0.5,0.3333,0.3333,0.3334,0.25,0.25,0.25,0.25
3244,0.9643,0.5,0.3333,0.3333,0.3334,0.25,0.25,0.25,0.25
3245,0.9683,0.5,0.3333,0.3333,0.3334,0.25,0.25,0.25,0.25
3246,0.9689,0.5,0.3333,0.3333,0.3334,0.25,0.25,0.25,0.25
3247,0.0188,0.5,0.3333,0.3333,0.3334,0.25,0.25,0.25,0.25
3248,0.9353,0.5,0.3333,0.3333,0.3334,0.25,0.25,0.25,0.25
3249,0.65,0.5,0.3333,0.3333,0.3334,0.25,0.25,0.25,0.25
3250,0.9851,0.5,0.3333,0.3333,0.3334,0.25,0.25,0.25,0.25
3251,0.9965,0.5,0.3333,0.3333,0.3334,0.25,0.25,0.25,0.25
3252,0.361,0.5,0.3333,0.3333,0.3334,0.25,0.25,0.25,0.25
3253,0.991,0.5,0.3333,0.3333,0.3334,0.25,0.25,0.25,0.25
3254,0.973,0.5,0.3333,0.3333,0.3334,0.25,0.25,0.25,0.25
3255,0.0,0.5,0.3333,0.3333,0.3334,0.25,0.25,0.25,0.25
3256,0.9999,0.5,0.3333,0.3333,0.3334,0.25,0.25,0.25,0.25
3257,0.9856,0.5,0.3333,0.3333,0.3334,0.25,0.25,0.25,0.25
3258,0.5521,0.5,0.3333,0.3333,0.3334,0.25,0.25,0.25,0.25
3259,0.8183,0.5,0.3333,0.3333,0.3334,0.25,0.25,0.25,0.25
3260,0.9526,0.5,0.3333,0.3333,0.3334,0.25,0.25,0.25,0.25
3261,0.9893,0.5,0.3333,0.3333,0.3334,0.25,0.25,0.25,0.25
3262,0.0,0.5,0.3333,0.3333,0.3334,0.25,0.25,0.25,0.25
3263,0.9932,0.5,0.3333,0.3333,0.3334,0.25,0.25,0.25,0.25
3264,0.6935,0.5,0.3333,0.3333,0.3334,0.25,0.25,0.25,0.25
3265,0.6509,0.5,0.3333,0.3333,0.3334,0.25,0.25,0.25,0.25
3266,0.0,0.5,0.3333,0.3333,0.3334,0.25,0.25,0.25,0.25
3267,0.7742,0.5,0.3333,0.3333,0.3334,0.25,0.25,0.25,0.25
3268,0.961,0.5,0.3333,0.3333,0.3334,0.25,0.25,0.25,0.25
3269,1.0,0.5,0.3333,0.3333,0.3334,0.25,0.25,0.25,0.25
3270,0.9691,0.5,0.3333,0.3333,0.3334,0.25,0.25,0.25,0.25
3271,0.9893,0.5,0.3333,0.3333,0.3334,0.25,0.25,0.25,0.25
3272,0.9973,0.5,0.3333,0.3333,0.3334,0.25,0.25,0.25,0.25
3273,0.0,0.5,0.3333,0.3333,0.3334,0.25,0.25,0.25,0.25
3274,0.9977,0.5,0.3333,0.3333,0.3334,0.25,0.25,0.25,0.25
3275,0.936,0.5,0.3333,0.3333,0.3334,0.25,0.25,0.25,0.25
3276,1.0,0.5,0.3333,0.3333,0.3334,0.25,0.25,0.25,0.25
3278,0.7216,0.5,0.3333,0.3333,0.3334,0.25,0.25,0.25,0.25
3279,0.9031,0.5,0.3333,0.3333,0.3334,0.25,0.25,0.25,0.25
3280,0.9252,0.5,0.3333,0.3333,0.3334,0.25,0.25,0.25,0.25
3281,0.9998,0.5,0.3333,0.3333,0.3334,0.25,0.25,0.25,0.25
3282,0.1877,0.5,0.3333,0.3333,0.3334,0.25,0.25,0.25,0.25
3283,0.9474,0.5,0.3333,0.3333,0.3334,0.25,0.25,0.25,0.25
3284,0.9975,0.5,0.3333,0.3333,0.3334,0.25,0.25,0.25,0.25
3285,0.9916,0.5,0.3333,0.3333,0.3334,0.25,0.25,0.25,0.25
3286,0.9539,0.5,0.3333,0.3333,0.3334,0.25,0.25,0.25,0.25
3287,0.9905,0.5,0.3333,0.3333,0.3334,0.25,0.25,0.25,0.25
3288,0.6588,0.5,0.3333,0.3333,0.3334,0.25,0.25,0.25,0.25
3289,0.9225,0.5,0.3333,0.3333,0.3334,0.25,0.25,0.25,0.25
3290,0.7089,0.5,0.3333,0.3333,0.3334,0.25,0.25,0.25,0.25
3291,0.9122,0.5,0.3333,0.3333,0.3334,0.25,0.25,0.25,0.25
3292,0.9933,0.5,0.3333,0.3333,0.3334,0.25,0.25,0.25,0.25
3293,0.994,0.5,0.3333,0.3333,0.3334,0.25,0.25,0.25,0.25
3294,0.9987,0.5,0.3333,0.3333,0.3334,0.25,0.25,0.25,0.25
3295,0.9998,0.5,0.3333,0.3333,0.3334,0.25,0.25,0.25,0.25
3296,1.0,0.5,0.3333,0.3333,0.3334,0.25,0.25,0.25,0.25
3297,0.9317,0.5,0.3333,0.3333,0.3334,0.25,0.25,0.25,0.25
3298,0.9999,0.5,0.3333,0.3333,0.3334,0.25,0.25,0.25,0.25
3299,0.9978,0.5,0.3333,0.3333,0.3334,0.25,0.25,0.25,0.25
3300,0.9984,0.5,0.3333,0.3333,0.3334,0.25,0.25,0.25,0.25
3301,0.9998,0.5,0.3333,0.3333,0.3334,0.25,0.25,0.25,0.25
3302,0.9428,0.5,0.3333,0.3333,0.3334,0.25,0.25,0.25,0.25
3303,0.9564,0.5,0.3333,0.3333,0.3334,0.25,0.25,0.25,0.25
3304,0.0976,0.5,0.3333,0.3333,0.3334,0.25,0.25,0.25,0.25
3305,0.9946,0.5,0.3333,0.3333,0.3334,0.25,0.25,0.25,0.25
3306,0.0275,0.5,0.3333,0.3333,0.3334,0.25,0.25,0.25,0.25
3307,0.9667,0.5,0.3333,0.3333,0.3334,0.25,0.25,0.25,0.25
3308,0.9878,0.5,0.3333,0.3333,0.3334,0.25,0.25,0.25,0.25
3309,1.0,0.5,0.3333,0.3333,0.3334,0.25,0.25,0.25,0.25
3310,0.993,0.5,0.3333,0.3333,0.3334,0.25,0.25,0.25,0.25
3311,0.9872,0.5,0.3333,0.3333,0.3334,0.25,0.25,0.25,0.25
3312,0.0,0.5,0.3333,0.3333,0.3334,0.25,0.25,0.25,0.25
3313,0.9995,0.5,0.3333,0.3333,0.3334,0.25,0.25,0.25,0.25
3314,0.9926,0.5,0.3333,0.3333,0.3334,0.25,0.25,0.25,0.25
3315,0.0,0.5,0.3333,0.3333,0.3334,0.25,0.25,0.25,0.25
3316,0.9993,0.5,0.3333,0.3333,0.3334,0.25,0.25,0.25,0.25
3317,0.9377,0.5,0.3333,0.3333,0.3334,0.25,0.25,0.25,0.25
3318,0.9625,0.5,0.3333,0.3333,0.3334,0.25,0.25,0.25,0.25
3319,0.9956,0.5,0.3333,0.3333,0.3334,0.25,0.25,0.25,0.25
3320,0.9999,0.5,0.3333,0.3333,0.3334,0.25,0.25,0.25,0.25
3321,0.9966,0.5,0.3333,0.3333,0.3334,0.25,0.25,0.25,0.25
3322,0.9086,0.5,0.3333,0.3333,0.3334,0.25,0.25,0.25,0.25
3323,0.9956,0.5,0.3333,0.3333,0.3334,0.25,0.25,0.25,0.25
3324,0.99,0.5,0.3333,0.3333,0.3334,0.25,0.25,0.25,0.25
3325,0.3515,0.5,0.3333,0.3333,0.3334,0.25,0.25,0.25,0.25
3326,0.7531,0.5,0.3333,0.3333,0.3334,0.25,0.25,0.25,0.25
3327,0.9853,0.5,0.3333,0.3333,0.3334,0.25,0.25,0.25,0.25
3328,0.8104,0.5,0.3333,0.3333,0.3334,0.25,0.25,0.25,0.25
3329,0.9122,0.5,0.3333,0.3333,0.3334,0.25,0.25,0.25,0.25
3330,0.9907,0.5,0.3333,0.3333,0.3334,0.25,0.25,0.25,0.25
3331,0.9997,0.5,0.3333,0.3333,0.3334,0.25,0.25,0.25,0.25
3332,0.7315,0.5,0.3333,0.3333,0.3334,0.25,0.25,0.25,0.25
3333,0.7669,0.5,0.3333,0.3333,0.3334,0.25,0.25,0.25,0.25
3334,0.9836,0.5,0.3333,0.3333,0.3334,0.25,0.25,0.25,0.25
3335,0.9988,0.5,0.3333,0.3333,0.3334,0.25,0.25,0.25,0.25
3336,0.9828,0.5,0.3333,0.3333,0.3334,0.25,0.25,0.25,0.25
3337,0.129,0.5,0.3333,0.3333,0.3334,0.25,0.25,0.25,0.25
3338,0.0038,0.5,0.3333,0.3333,0.3334,0.25,0.25,0.25,0.25
3339,0.9633,0.5,0.3333,0.3333,0.3334,0.25,0.25,0.25,0.25
3340,0.9999,0.5,0.3333,0.3333,0.3334,0.25,0.25,0.25,0.25
3341,0.9674,0.5,0.3333,0.3333,0.3334,0.25,0.25,0.25,0.25
3342,0.9767,0.5,0.3333,0.3333,0.3334,0.25,0.25,0.25,0.25
3343,0.8529,0.5,0.3333,0.3333,0.3334,0.25,0.25,0.25,0.25
3344,0.9983,0.5,0.3333,0.3333,0.3334,0.25,0.25,0.25,0.25
3345,0.9911,0.5,0.3333,0.3333,0.3334,0.25,0.25,0.25,0.25
3346,0.9977,0.5,0.3333,0.3333,0.3334,0.25,0.25,0.25,0.25
3347,0.9749,0.5,0.3333,0.3333,0.3334,0.25,0.25,0.25,0.25
3348,0.9886,0.5,0.3333,0.3333,0.3334,0.25,0.25,0.25,0.25
3349,0.8511,0.5,0.3333,0.3333,0.3334,0.25,0.25,0.25,0.25
3350,0.0,0.5,0.3333,0.3333,0.3334,0.25,0.25,0.25,0.25
3351,0.9789,0.5,0.3333,0.3333,0.3334,0.25,0.25,0.25,0.25
3352,0.9808,0.5,0.3333,0.3333,0.3334,0.25,0.25,0.25,0.25
3353,0.9459,0.5,0.3333,0.3333,0.3334,0.25,0.25,0.25,0.25
3354,0.9259,0.5,0.3333,0.3333,0.3334,0.25,0.25,0.25,0.25
3355,0.9979,0.5,0.3333,0.3333,0.3334,0.25,0.25,0.25,0.25
3356,0.992,0.5,0.3333,0.3333,0.3334,0.25,0.25,0.25,0.25
3357,0.9995,0.5,0.3333,0.3333,0.3334,0.25,0.25,0.25,0.25
3358,0.9985,0.5,0.3333,0.3333,0.3334,0.25,0.25,0.25,0.25
3359,0.0,0.5,0.3333,0.3333,0.3334,0.25,0.25,0.25,0.25
3360,0.9999,0.5,0.3333,0.3333,0.3334,0.25,0.25,0.25,0.25
3361,0.8396,0.5,0.3333,0.3333,0.3334,0.25,0.25,0.25,0.25
3362,0.9824,0.5,0.3333,0.3333,0.3334,0.25,0.25,0.25,0.25
3363,0.9547,0.5,0.3333,0.3333,0.3334,0.25,0.25,0.25,0.25
3364,0.8598,0.5,0.3333,0.3333,0.3334,0.25,0.25,0.25,0.25
3365,0.9634,0.5,0.3333,0.3333,0.3334,0.25,0.25,0.25,0.25
3366,0.9991,0.5,0.3333,0.3333,0.3334,0.25,0.25,0.25,0.25
3367,0.9618,0.5,0.3333,0.3333,0.3334,0.25,0.25,0.25,0.25
3368,0.9977,0.5,0.3333,0.3333,0.3334,0.25,0.25,0.25,0.25
3369,0.9869,0.5,0.3333,0.3333,0.3334,0.25,0.25,0.25,0.25
3370,0.9927,0.5,0.3333,0.3333,0.3334,0.25,0.25,0.25,0.25
3371,0.9978,0.5,0.3333,0.3333,0.3334,0.25,0.25,0.25,0.25
3372,0.9402,0.5,0.3333,0.3333,0.3334,0.25,0.25,0.25,0.25
3373,0.9505,0.5,0.3333,0.3333,0.3334,0.25,0.25,0.25,0.25
3374,0.9645,0.5,0.3333,0.3333,0.3334,0.25,0.25,0.25,0.25
3375,0.9598,0.5,0.3333,0.3333,0.3334,0.25,0.25,0.25,0.25
3376,0.994,0.5,0.3333,0.3333,0.3334,0.25,0.25,0.25,0.25
3377,0.9786,0.5,0.3333,0.3333,0.3334,0.25,0.25,0.25,0.25
3378,0.9422,0.5,0.3333,0.3333,0.3334,0.25,0.25,0.25,0.25
3379,0.9262,0.5,0.3333,0.3333,0.3334,0.25,0.25,0.25,0.25
3380,0.9999,0.5,0.3333,0.3333,0.3334,0.25,0.25,0.25,0.25
3381,0.9528,0.5,0.3333,0.3333,0.3334,0.25,0.25,0.25,0.25
3382,0.9824,0.5,0.3333,0.3333,0.3334,0.25,0.25,0.25,0.25
3383,0.9696,0.5,0.3333,0.3333,0.3334,0.25,0.25,0.25,0.25
3384,0.9972,0.5,0.3333,0.3333,0.3334,0.25,0.25,0.25,0.25
3385,0.9599,0.5,0.3333,0.3333,0.3334,0.25,0.25,0.25,0.25
3386,0.9986,0.5,0.3333,0.3333,0.3334,0.25,0.25,0.25,0.25
3387,0.8109,0.5,0.3333,0.3333,0.3334,0.25,0.25,0.25,0.25
3388,0.9556,0.5,0.3333,0.3333,0.3334,0.25,0.25,0.25,0.25
3389,0.024,0.5,0.3333,0.3333,0.3334,0.25,0.25,0.25,0.25
3390,0.0,0.5,0.3333,0.3333,0.3334,0.25,0.25,0.25,0.25
3391,0.9989,0.5,0.3333,0.3333,0.3334,0.25,0.25,0.25,0.25
3392,1.0,0.5,0.3333,0.3333,0.3334,0.25,0.25,0.25,0.25
3393,0.0,0.5,0.3333,0.3333,0.3334,0.25,0.25,0.25,0.25
3394,0.976,0.5,0.3333,0.3333,0.3334,0.25,0.25,0.25,0.25
3395,0.9813,0.5,0.3333,0.3333,0.3334,0.25,0.25,0.25,0.25
3396,0.9915,0.5,0.3333,0.3333,0.3334,0.25,0.25,0.25,0.25
3397,0.9798,0.5,0.3333,0.3333,0.3334,0.25,0.25,0.25,0.25
3398,0.9394,0.5,0.3333,0.3333,0.3334,0.25,0.25,0.25,0.25
3399,0.9997,0.5,0.3333,0.3333,0.3334,0.25,0.25,0.25,0.25
3400,0.995,0.5,0.3333,0.3333,0.3334,0.25,0.25,0.25,0.25
3401,0.9178,0.5,0.3333,0.3333,0.3334,0.25,0.25,0.25,0.25
3402,0.7916,0.5,0.3333,0.3333,0.3334,0.25,0.25,0.25,0.25
3403,0.9544,0.5,0.3333,0.3333,0.3334,0.25,0.25,0.25,0.25
3404,0.9962,0.5,0.3333,0.3333,0.3334,0.25,0.25,0.25,0.25
3405,0.9821,0.5,0.3333,0.3333,0.3334,0.25,0.25,0.25,0.25
3406,0.6556,0.5,0.3333,0.3333,0.3334,0.25,0.25,0.25,0.25
3407,1.0,0.5,0.3333,0.3333,0.3334,0.25,0.25,0.25,0.25
3408,0.9989,0.5,0.3333,0.3333,0.3334,0.25,0.25,0.25,0.25
3409,0.9814,0.5,0.3333,0.3333,0.3334,0.25,0.25,0.25,0.25
3410,0.9594,0.5,0.3333,0.3333,0.3334,0.25,0.25,0.25,0.25
3411,1.0,0.5,0.3333,0.3333,0.3334,0.25,0.25,0.25,0.25
