unique_id,hold racket handed
1968,0.9816777554287834
1969,0.9991574806703807
1970,0.9996312356461723
1971,0.9999349663902017
1972,0.9988776967688254
1973,0.9957496821813845
1974,0.9998018236612677
1975,0.9726787867523639
1976,0.9839082301980202
1977,0.9999051580749202
1978,0.9999278376189632
1979,0.9990349838736275
1980,0.9998697861301192
1981,0.07321846495354158
1982,0.9999233819565997
1983,0.005968108992514622
1984,0.9952351906591997
1985,0.055032242430352644
1986,0.9996808690055122
1987,0.9611545845574451
1988,0.9919411884533688
1989,0.9984906864151815
1990,0.003777290252329021
1991,0.9964717015418604
1992,0.9992506182049342
1993,0.276767178944414
1994,0.999759024519375
1995,0.9908334833720839
1996,0.9985294268636988
1997,0.9980291566218233
1998,0.9983108000163
1999,0.9996766492243935
2000,0.9892274590993578
2001,0.9891940579064915
2002,0.9386627011585166
2003,0.9989465205380126
2004,0.9311125909717545
2005,0.996768473118688
2006,0.003906346212651752
2007,4.686853624600399e-06
2008,0.19688548430404978
2009,0.24164053291536136
2010,0.9946960769791985
2011,2.303364781128275e-08
2012,0.9937845793672547
2013,0.9970502000673683
2014,0.9998673247535995
2015,1.6004174047281927e-06
2016,0.9763067442204916
2017,0.9990656306910128
2018,0.9998466708536802
2019,0.9998801730003679
2020,0.9960510742155388
2021,0.9421389929150573
2022,0.9930190183771949
2023,0.949613419834756
2024,0.9945953551364974
2025,0.9987858409368953
2026,0.9951605067058419
2027,0.999524754343324
2028,1.7362975332789983e-05
2029,0.9999160327951598
2030,0.9895384132037485
2031,0.6651445592741174
2032,0.9991673269893899
2033,0.9311597641312709
2034,0.9908547917158402
2035,0.011644383585587488
2036,0.9962864961191976
2037,0.999504970128268
2038,0.9973132381841282
2039,0.8879287434790712
2040,0.9928549433765279
2041,0.9905124951293065
2042,0.9916176296716792
2043,0.9985880973719539
2044,0.9177689751405592
2045,0.9986696395230741
2046,0.9826225084036101
2047,0.9994892473161047
2048,0.9939435297778058
2049,0.9998052602633585
2050,0.9986344304996014
2051,0.9687574091174589
2052,0.9998370668043326
2053,0.9994719247490245
2054,0.9951432956211684
2055,0.9997948700874346
2056,0.9950427239951785
2057,0.9929106312291013
2058,0.9991276241908562
2059,0.9970581104803883
2060,0.9986550933527646
2061,0.997073814611144
2062,0.9983780425726418
2063,0.9496499527680926
2064,0.026897787106687273
2065,0.9716791127466538
2066,0.9738801066607253
2067,1.1596147583336467e-05
2068,0.04112153343457353
2069,0.9941727978022501
2070,0.9984344375686435
2071,0.007775310750673815
2072,0.10676371785694998
2073,0.00456636737793414
2074,0.9894801355946311
2075,0.9985253544867996
2076,0.9803256321191469
2077,0.9612534756784864
2078,0.9696165663439898
2079,0.9909246265915177
2080,0.9755419255590497
2081,0.0027685994124116674
2082,0.9996978995827596
2083,0.9597765151220894
2084,0.9878962528770189
2085,0.9996370741447864
2086,0.9998108098642382
2087,0.9830027168257824
2088,0.9995502320855442
2089,0.9994032389425568
2090,0.9997071301781002
2091,0.9868239038059868
2092,0.9843852417354948
2093,0.9998730723096484
2094,0.9975157540014873
2095,0.027246418216926273
2096,0.9938928445019902
2097,0.03525075892265006
2098,0.9938017723026934
2099,0.9963192050277203
2100,0.9633618123891242
2101,0.990828946933699
2102,0.9232353788670365
2103,0.9853619489361531
2104,0.992147413759847
2105,0.9997360861662571
2106,0.9978751567127407
2107,0.999738189026573
2108,0.9999240035929178
2109,0.9998510927937162
2110,0.9991318744985399
2111,0.9987502393415416
2112,0.9980320020022868
2113,0.9944066432883679
2114,0.9966662508282069
2115,0.9967750009000501
2116,0.9994516010511073
2117,0.9950316790813398
2118,0.9995856029548955
2119,4.100400467428662e-06
2120,1.2237412056068298e-05
2121,0.9990394515295488
2122,0.9954419113405846
2123,0.999202341025599
2124,0.9974001209888412
2125,0.9970170449821885
2126,0.06346918123064256
2127,0.9834258442468062
2128,0.9991265052385028
2129,0.9965796902253418
2130,0.003931386535128195
2131,0.9545249574251031
2132,0.9921511216530672
2133,0.9999345187915809
2134,0.998811285974851
2135,5.213828826971969e-06
2136,0.9897393451044594
2137,0.06430768485442864
2138,0.9988580699189455
2139,0.9998560323898872
2140,0.9999247505831191
2141,0.9923730904100672
2142,0.06737050711568435
2143,0.8731439193767259
2144,0.9996702586409649
2145,0.9948876443067238
2146,0.9999147149039876
2147,0.9951306879447167
2148,0.9980007289992027
2149,0.15154532288962563
2150,0.020831096010994483
2151,0.9987170942666411
2152,0.9969934101331567
2153,0.9734302010533677
2154,0.9992598262994858
2155,0.043847293816518106
2156,0.9919966793854029
2157,0.9996376267081388
2158,0.003102034262760585
2159,0.9991143942678822
2160,0.998498905767338
2161,0.9996507555237242
2162,0.9965653452703435
2163,0.999893456911998
2164,0.9972135863428568
2165,0.9897087699129616
2166,0.9834306914500972
2167,0.9998551526472031
2168,0.009767517889411367
2169,0.8432600430432281
2170,0.9994421836040068
2171,0.9311706206582185
2172,0.9906886001365693
2173,0.029191608046856648
2175,0.2515145341968827
2176,0.9990589256940696
2177,0.9836171786329391
2178,0.95525837881861
2179,0.9311701945063093
2180,0.019871632191485026
2181,0.9938992121681197
2183,0.9975695039295485
2184,0.9991368430702962
2185,0.991328043208399
2186,0.03406219497466288
2187,0.9869884011900776
2188,0.9992214037710401
2189,0.9987883619615916
2190,0.9998862944615443
2191,0.00377244246230351
2192,0.9999048276650854
2193,0.9977263277505842
2194,0.9905953362692774
2195,0.9995941634624959
2196,0.9880494205638428
2197,0.003835017334206421
2198,0.9957346607050509
2199,0.9984788679658767
2200,0.9889083123075784
2201,0.998652159666193
2202,0.99611093191666
2203,0.9992903029060288
2204,0.02668627196868071
2205,0.9995386864105973
2206,0.9941618752746415
2207,0.9654996754802716
2208,0.9938317071525548
2209,0.9995405760183337
2210,0.999829737092416
2211,0.998851334837462
2212,0.997219249367718
2213,1.5561489769509438e-06
2214,0.9954170263176236
2215,0.9994492122857461
2216,0.9311729784879132
2217,0.9892845833811406
2218,0.9979940104340386
2219,0.9896493164188671
2220,0.1272249836605831
2221,0.9959072941695999
2222,0.9981410338893204
2223,0.4323918866935569
2224,0.9714725663337389
2225,0.9998056110452496
2226,0.02127275805538859
2227,0.9923391383522365
2228,5.527129606174016e-07
2229,0.999911302973379
2230,0.998601480184407
2231,0.9974337193275413
2232,0.9523219220041228
2233,0.004071177064642629
2234,0.9984561283155905
2235,0.9848674098976435
2236,0.9982542058669932
2237,0.2776648963207268
2238,0.9553907008165046
2239,0.9944347020223716
2240,0.9843310679413115
2241,0.9958583176845983
2243,0.9981486780359352
2244,0.9963455008725876
2245,0.0297968370446435
2246,0.9991459747686587
2247,0.9988637427948781
2248,0.9988909744367982
2249,0.9979002124818621
2250,0.9998224758130616
2251,0.37820837690273307
2252,0.9988859884874314
2253,0.9987424682780014
2254,0.9979498272888842
2255,0.9998410456346956
2256,0.9949378229616465
2257,0.9965903535201135
2258,2.042444408388813e-06
2259,0.9944362969288607
2260,0.9973985459395088
2261,0.9971073188520586
2262,0.9584831803918968
2263,0.9998840991581217
2264,0.996216921824819
2265,0.9995329371148317
2266,0.9974562714135323
2267,0.9873076029924032
2268,0.9844273390623842
2269,0.9740649691796853
2270,1.412286023279596e-05
2271,0.9974265927744871
2272,0.9989345533692047
2273,0.9971842465540646
2274,0.99872286915877
2275,0.9983555691397472
2276,0.9997210841336844
2277,0.9997817961293681
2278,0.023814896862969785
2279,0.9077465475778288
2280,0.061106222715458
2281,0.004120848482385036
2282,0.9995370921142805
2283,0.9446668245110447
2284,0.9659737898193876
2285,0.998673977509715
2286,0.9970869931939935
2287,0.9996614982977449
2288,0.9994542018270768
2289,0.9842811953885762
2290,0.999530366147992
2291,0.9990810811205034
2292,0.9995692498744472
2293,0.9684292199760094
2294,0.06778746328274894
2295,0.9311701304328466
2296,0.9974241499183676
2297,0.998657519432863
2298,0.9986105479767193
2299,0.9680739601167582
2300,0.9997763047403408
2301,0.9987952531835672
2302,0.9403743548848331
2303,0.9999284073501795
2304,0.9983149679843191
2305,0.28749826263553807
2307,5.857113140652138e-06
2308,0.002628349822642511
2309,0.9938762144405008
2310,0.9653958373320937
2311,0.6804395934039253
2312,0.9903694273118148
2313,0.9995516255153419
2314,0.9938663898203505
2315,0.9933767843155201
2316,0.9834731749349183
2317,0.9996437401690379
2318,0.9995485137760045
2319,0.9996503680440078
2320,0.9654394635771851
2321,0.999286484893607
2322,0.9951822533796483
2323,0.9997404447418644
2324,0.9999055739819808
2325,0.9951385399322644
2326,0.9433764085304374
2327,0.9836546793763461
2328,0.9936968652257638
2329,0.9311701945061268
2330,0.9998024130757495
2331,0.9998338715424939
2332,0.998977426417681
2333,0.9917531333034352
2334,0.9618262620677622
2335,0.9981720234239725
2336,0.9998571339318922
2337,0.8512981068844225
2338,0.9993774961314972
2339,0.9958182431075274
2340,0.999434610128331
2341,0.9995924440704197
2342,0.9971251497947484
2343,0.9719704952493601
2344,0.9985628371282136
2345,0.9805216092448679
2346,0.7587485229044649
2347,0.9906927638931328
2348,0.9918615502051238
2349,0.999453666648234
2350,0.9895157923787674
2351,1.713541060860256e-07
2352,0.9910290230784242
2353,0.9996921404237948
2354,0.9907894259827444
2355,0.9942240086801388
2356,0.9995550062035735
2357,0.9414769842314081
2358,0.9970775996969534
2359,0.9499910103843348
2360,0.9300267564150064
2361,0.9781130044358757
2362,0.9900539160854032
2363,0.9968937036810958
2364,0.9991943974248344
2365,0.9813714339936376
2366,0.9991548163645879
2367,5.733774268501412e-06
2368,0.9996445765960746
2369,0.9809539129966827
2370,0.9973646238177912
2371,0.9998721219053414
2372,0.9996774262330507
2373,0.9963780137363358
2374,0.9751153641373569
2375,0.9952619496691197
2376,0.9996193879351728
2377,0.9999346653675396
2378,0.981669329581107
2379,0.9990094933616855
2380,0.9998747169165608
2381,0.9671174355583015
2382,0.9952691842759367
2383,0.9787869972151054
2384,0.9990878311426655
2385,0.9932302017813146
2386,0.015180360271389354
2387,0.9327929003498812
2388,0.9987427142145762
2389,0.9700866035912109
2390,0.9981848504320778
2391,0.9986187051240203
2392,0.9986428489035213
2393,0.9978410262688365
2394,0.997693009301128
2395,0.9311975878526487
2396,0.9931461199707305
2397,0.9988488129164356
2398,0.9966025975696816
2399,0.9815481151794426
2400,0.9992502860224365
2401,0.9986624315929411
2402,1.0467495667271765e-05
2403,0.9991847728477395
2404,0.9998879912450748
2405,0.9973895632289352
2406,0.006054652886944127
2407,0.9991391125508772
2408,1.1270786995840507e-07
2409,0.9982526311288106
2410,0.9311701978106686
2411,0.9993948094891244
2412,0.9872063726070621
2413,0.10693495887205616
2414,0.963360148016785
2415,0.9905225953602707
2416,0.974185427361643
2417,0.9998770824863347
2418,0.9513298137279745
2419,0.9996799048817048
2420,0.9656132912982509
2421,0.9935731316646812
2422,0.9999077163133262
2423,0.9989490900867011
2424,0.9894657133694641
2425,0.9993300313292487
2426,0.9987137298828828
2427,0.11549124695739683
2429,0.9442065702458369
2430,0.9992892863577209
2431,0.9991677258169848
2432,0.9986400701856529
2433,0.997573019539561
2434,0.9994798863758245
2435,0.9877121986711136
2436,0.03435166172540321
2437,0.9974403059154353
2438,0.017900208441145198
2439,0.9997805929653931
2440,0.9756879641954772
2441,0.9775248486907926
2442,0.9996939430859748
2443,0.9800466781275632
2444,0.03573349029257189
2445,0.9477763286916487
2446,0.9960155584570096
2447,0.16113854583866175
2448,0.9971432520483152
2449,0.9994243378182633
2450,0.9996430960051208
2451,0.9994819359851692
2452,0.994558645225765
2453,0.9799208795698708
2454,0.9967893906964173
2455,0.9995159292595314
2456,0.9993456912770623
2457,0.999947050076046
2458,0.9878920038727315
2459,0.9185774113958449
2460,0.5300746947586227
2461,0.9995400095965802
2462,0.999173763747492
2463,0.011878066154273526
2464,0.8139373083609398
2465,0.9986386271052072
2466,0.9584280876512666
2467,0.8506095277759649
2468,0.999898717358048
2469,0.994729744151806
2470,0.9946597648648596
2471,0.9991068902466802
2472,0.9996566525134989
2473,0.9777581326478664
2474,0.9966468779767232
2475,0.9998539984525617
2476,0.9993444085340724
2477,0.9995167065650121
2478,0.9942319969537597
2479,0.9906947350793845
2480,0.9954938732279266
2481,0.9918449887105367
2482,0.007868239130098825
2483,0.9913684522339266
2484,0.9995643422104076
2485,0.03251147800115561
2486,0.02750909116948859
2487,0.03987118496973698
2488,0.9999294933988645
2489,0.9997327921158076
2490,0.9941900158054939
2491,0.9974923151249201
2492,0.9854552520134433
2493,0.9940799301038903
2494,0.9190953644421785
2495,0.9852325806487784
2496,1.0769076375460003e-06
2497,0.9848562490043571
2498,0.9999136093594326
2499,0.01582340463411433
2500,0.9990540984362098
2501,0.9979013860124694
2502,0.9955018305117922
2503,0.9405299800536324
2504,0.9764910587895803
2505,0.9996540427502222
2506,0.02183033643889949
2507,0.9720586620751931
2508,0.997404828702796
2509,0.9994616538764785
2510,0.9985899137117986
2511,0.9921157007761437
2512,0.9994050248476526
2513,0.999821725317202
2514,0.9993437807134935
2515,0.9994055606347177
2516,0.9364194439526936
2517,0.9962048673942677
2518,0.9949200413147428
2519,0.9988293616398239
2520,0.9966765565325091
2521,0.9998579541505224
2522,0.039480194665959915
2523,0.9989046684214133
2524,0.9615542621711598
2525,0.9986846373966416
2526,0.9922620513164909
2527,0.9311701765818694
2528,0.9972356826003335
2529,0.9310547557882134
2530,0.9992262293943024
2531,0.9915647206332782
2532,0.9999578278067621
2533,0.999946242722581
2534,0.9602823847281842
2535,0.9829284027882376
2536,0.998087643682294
2537,0.02079760639627402
2538,0.9794384501325339
2539,0.5167358212112065
2540,0.9992765884550276
2541,0.9998626817028117
2542,0.9951790730233132
2543,0.9796659734019646
2544,0.003712454262859402
2545,0.9299552752659701
2546,0.9771516576310941
2547,0.9959931830790848
2548,0.9989370432451343
2549,0.06320195942613555
2550,0.9945263447291396
2551,1.1457421669805076e-05
2552,0.9913540780884128
2553,0.9398981591022594
2554,0.9954284401783383
2555,0.9971537894799345
2556,0.9390298221438783
2557,0.9990505713399347
2558,0.9970823496705099
2559,0.9644770525983741
2560,0.9127194486310862
2561,0.9311826723503279
2562,9.680206486707423e-06
2563,0.9921680773259139
2564,0.9997236257279657
2565,0.9013556137364332
2566,0.9991885864999602
2567,0.9951551278376621
2568,0.9991622071189922
2569,0.9943806416573844
2570,0.9996558824774998
2571,0.9973864507727118
2572,0.006454333455268197
2573,0.9841778392276197
2574,0.9969605839912598
2575,0.9970242518166793
2576,0.9726685683168295
2577,0.996874434498385
2578,0.9952784811874669
2579,0.9969882051773309
2580,0.9959744235770529
2581,0.9984877655745332
2582,0.9985207000226559
2583,0.08093226662672019
2584,0.9310574740549658
2585,0.9951352328662965
2586,0.9997876355286492
2587,0.9989794619336752
2588,0.998448965278901
2589,0.972482777667733
2590,0.9953476068702337
2591,0.9998948326178013
2592,0.0032449229276723954
2593,0.16156561545624495
2594,0.9964715884642639
2595,0.9990133587247735
2596,0.9960452947858003
2597,1.4923665750779392e-07
2598,0.981661466047567
2599,0.2928469597358322
2600,0.9266260123889664
2601,0.9875694104779703
2602,0.9995929218714339
2603,0.015910994517085556
2604,0.9530881783570453
2605,0.9995242308082611
2606,0.9984036032952202
2607,1.4750127731215969e-08
2608,0.02311892456823821
2609,0.9969554262403219
2610,0.9931223736416777
2611,0.08519775458982548
2612,0.9995368490577048
2613,0.05956985082958979
2614,0.9305226508652066
2615,0.999693322418842
2616,0.9999010078597995
2617,0.9605531842074129
2618,0.9996227509702846
2619,0.9933344663086725
2620,0.9994793825290028
2621,0.9996462978407615
2622,0.9959725087953282
2623,0.9977203827289683
2624,0.9732421913833306
2625,0.9550957173459318
2626,0.9971082170824099
2627,0.9911095234952532
2628,0.9990446061910201
2629,0.9993674080401898
2630,0.9998368027452603
2631,0.9997630249482589
2632,0.9979116019485185
2633,0.9989576955703394
2634,0.9997098572261703
2635,0.9975483376675723
2636,0.9958831705202765
2637,0.3541860076611053
2638,0.9958564421487333
2639,0.9991633247187116
2640,0.9982754545235265
2641,0.9836921166807432
2642,0.9986284972954086
2643,0.9990524796863317
2644,0.9996375729309257
2645,0.955421143353118
2646,0.9997393521727715
2647,0.983042076046604
2648,0.9656408549571274
2649,0.9652143816380514
2650,0.01687481372838456
2651,0.9979831627277983
2652,0.9694985597918172
2653,0.9997546794555145
2654,0.922128158818351
2655,0.9998332902975856
2656,0.9951145584244995
2657,0.9926224680516286
2658,0.013280666498462008
2659,0.9916085507155918
2660,0.9996014950742235
2661,0.9967440630468825
2662,0.9997380965090226
2663,0.9321834069525902
2664,0.949195106903376
2665,0.9922712914522006
2666,0.9969032891109686
2667,0.9783559221528512
2668,0.9959526683556829
2669,0.9654811744272507
2670,0.9995412730445876
2671,0.9996748857407322
2672,0.998994983157882
2673,0.9989449168513846
2674,0.3367364449687774
2675,0.9979579283450869
2676,0.9999140556973429
2677,0.007571781242264326
2678,0.9997585484619603
2679,0.9958412304135275
2680,0.9848821193801766
2681,0.9977522101298334
2682,0.9180016451335284
2683,0.9485597882403609
2684,0.9920500211871182
2685,0.9998066135740447
2686,0.9905688433953915
2687,0.929689906082509
2688,0.9986251599046232
2689,0.9984492861483568
2690,0.558642223802301
2691,0.9960291573516101
2692,0.9997351508143236
2693,0.015441110933628986
2694,0.9936942694672692
2695,0.9547774819559889
2696,0.9999018102096267
2697,0.9471390082660635
2698,0.982931669530816
2699,0.9965748501589862
2700,0.9994142316167473
2701,0.9592905948214273
2702,0.9996926560850322
2704,0.03162035788306837
2705,5.308795374222768e-06
2706,0.12436871389407292
2707,0.032525101619161924
2708,0.9914112860480662
2709,0.9966201903379254
2710,0.9977104749333338
2711,0.9969921292524262
2712,0.0030591416290534417
2713,0.9952277798101383
2714,0.9998447146948192
2715,0.9961463183770806
2716,0.9997798859224695
2717,0.9992334209434571
2718,2.439636771858696e-07
2719,0.999601385421269
2720,0.9972942906316493
2721,0.9914886558711428
2722,0.9983435727945205
2723,0.978603000096899
2724,0.9850094812144873
2725,0.9851347923077011
2726,0.9993961549441263
2727,0.9991582647902781
2729,0.9997979735566814
2730,0.9990524810561264
2731,0.9952304716964699
2732,0.9976082635611622
2733,0.8744480014496322
2734,0.9995272634159587
2735,0.9999041508380531
2736,0.998328041232465
2737,0.9921853175339665
2738,0.0036096194086420305
2739,0.9994169008223822
2740,0.9792825818101037
2741,0.9939052750817969
2742,0.005450719228525086
2743,0.06710215635707488
2744,0.9993993094096632
2745,0.936764926439575
2746,0.996097826664657
2747,0.991862664011698
2748,0.883738802462988
2749,0.002851635285935799
2750,0.9962402944530752
2751,0.9968196659484074
2752,0.9998473880174715
2753,0.9986804653109939
2754,0.9994437378090183
2755,0.9944733187297907
2756,0.9983598758912144
2757,0.9993857246198794
2758,0.9994550097888145
2759,0.9993384863264955
2760,2.59268984564201e-08
2762,5.943798525870404e-08
2763,0.9998519178737251
2764,0.9727212032150042
2765,0.8603260708583675
2766,0.9643230778447196
2767,0.9956514675552028
2768,0.9994505841878144
2769,0.9998646342326698
2770,0.004558897606401141
2771,0.9806592810090008
2772,0.9987390326195735
2773,0.9910413540172908
2774,0.9998931026570789
2775,0.997412307164221
2776,0.004019825183819883
2777,0.9877282479006947
2778,0.9628062232368009
2779,0.9889782265301693
2780,0.9916537232870666
2781,0.9975198727309675
2782,0.9461723823669875
2783,0.986508355850028
2784,0.9996839262891479
2785,0.9992446504970152
2786,0.994680936828565
2787,0.011977848670626234
2788,0.966445424581431
2789,0.36971078678878744
2790,0.9988117927112838
2791,0.9988034396380806
2792,0.9985618367875386
2793,0.9788515248653616
2794,0.9996366529456757
2795,0.44278706942721224
2796,0.9956085493396811
2797,0.9995498834005344
2798,0.9571076931828255
2799,0.9647557276332931
2800,0.9942951674615713
2801,0.9985061497031575
2802,0.005237968336841647
2803,0.9755231325988439
2805,0.9936546731776138
2806,0.9993133984485003
2807,0.9868838301501898
2808,0.9936590026155047
2809,0.9996714533515779
2810,3.8446151033830375e-06
2811,0.9274755708337028
2812,0.9992889984073898
2813,0.9311703058140132
2814,0.04174808085181851
2815,0.04070001141561674
2816,0.9972188767775729
2817,0.9998769481270191
2818,0.023920367876220684
2819,0.9997105223657201
2820,0.9993509322664794
2821,0.999850906537337
2822,0.28774934398041047
2823,4.360879579420754e-06
2824,0.9996096796827796
2825,0.9311701963892817
2826,0.9897654587130842
2827,0.9967707847013187
2828,0.9969488019600707
2829,0.9383974860555716
2830,0.9961438684622865
2831,0.9996777303366401
2832,0.9998537705782129
2833,0.9916274456256279
2834,0.9995911334223158
2835,0.9676039447147364
2836,0.9997115703534544
2837,0.9927263303314584
2838,0.007461584638654945
2839,0.004055497802632626
2840,0.9653419892417546
2841,0.9992677413209066
2842,0.9566662385796535
2843,0.9975884510375446
2844,0.995002435649317
2845,0.9972540460069237
2846,0.9672382255150577
2847,0.9454180124979786
2848,0.9997985662964384
2849,0.999952463227695
2850,0.9999293272840157
2851,0.040988808697802526
2852,0.9700609537306624
2853,0.9990186580945796
2854,0.0034505046828792094
2855,0.9991283994005006
2856,0.9926777936276916
2857,0.9995522947060692
2858,0.007319561053578377
2859,0.21745822352064367
2860,0.9984057071161919
2861,0.9992672893419163
2862,0.9730320386324595
2863,0.9952155469117712
2864,0.0064833648734070985
2865,0.9945338194687893
2866,0.997043988629328
2867,1.8137028368468134e-06
2868,0.9992593015530215
2869,0.9506099971477576
2870,0.9656421086176842
2871,0.9950800907934686
2872,0.9999306552535647
2873,0.9987798451998638
2874,0.005163553863199699
2875,0.9970374433138495
2876,0.031439891769047545
2878,0.9790781342940976
2879,0.9975322285598575
2880,0.9979318676318458
2881,0.9939136314818383
2882,0.9829472473298986
2883,0.9938246594854799
2884,0.9428050101500753
2885,0.9296712424493453
2886,0.9996883821146726
2887,0.9622937894507417
2888,0.0048260091280484235
2889,0.9798642881379861
2890,0.9990466615384379
2891,0.9997050337654927
2892,0.928561108399564
2893,0.0034175832206710614
2894,0.9972313412881756
2895,0.9881650625272577
2896,0.9372990202524769
2897,0.9980561426072828
2898,0.9997587984574582
2899,0.9205354252861644
2900,0.9681204005414865
2901,0.9884016117477487
2902,0.04006973598232361
2903,0.8747372614438512
2904,0.9958991042980687
2905,0.9997416335621061
2906,0.9932613991988748
2907,0.9582113319673118
2908,0.015876664483964957
2909,0.999589089360315
2910,0.9959595395826522
2911,0.9996518354237853
2912,2.617560885507291e-07
2913,0.9966948406390245
2914,0.9978675709232205
2915,0.9998738147645065
2916,0.9939669304397794
2917,0.9995473773878482
2918,1.7096996781893784e-08
2919,0.9126209665569547
2920,0.9723340052043683
2921,0.9917400637721457
2922,0.9947016532496099
2923,0.9961481488484581
2924,0.11154886690965014
2925,0.9929237659243638
2926,0.9992546029832056
2927,0.9978479886961679
2928,0.9997031732858725
2929,0.9979993616147919
2930,0.9968902895660979
2931,0.9914801720915293
2932,0.999264604206466
2933,0.9963893805194776
2934,0.9983848536670958
2935,0.9997096416147201
2936,0.999826143449317
2937,0.996062542529457
2938,0.9969580200930491
2939,0.989793854394335
2940,0.9977418969636691
2941,0.9286441385633974
2942,0.9958442668498105
2943,0.9968455740661285
2944,0.995688180547525
2945,0.9992135636981837
2946,0.9998752959782429
2947,0.9993404845248547
2948,0.9995472944649867
2949,0.995615023260346
2950,0.995856346840426
2952,0.9997942663206862
2953,9.321103836387167e-08
2954,0.9886760501103334
2955,0.9913843009227123
2956,0.9976429298085382
2957,0.9926916955687298
2958,0.9965681477610157
2959,0.9988196250385751
2960,0.9997510601605417
2961,0.9884434833710483
2962,0.9998900424106231
2963,6.5114520796962185e-06
2964,0.998200295908921
2966,0.949747360016427
2967,0.9999408315751483
2968,0.992992782674667
2969,0.0036504328930294563
2970,1.4560002606093348e-07
2971,0.9980903265980255
2972,0.9977002981782216
2973,0.011542448486793873
2974,0.9940196876052838
2975,0.9993204148761058
2976,0.999385154465008
2977,0.9974843875434904
2978,0.9851394439686021
2979,0.9522200485731157
2980,0.9995520034788041
2981,1.35638352847566e-05
2982,0.01614952221922054
2983,0.9981697070965073
2984,0.9985525131681896
2985,0.9986475351759327
2986,0.003964591335379478
2987,0.03792413387588949
2988,0.9979204182282623
2989,0.20393257168084394
2990,0.991841313544203
2991,0.9997173919255574
2992,0.999624743375356
2993,0.9961042676213367
2994,0.9577960526252557
2995,0.9975390974807191
2996,0.9949069860141287
2997,0.997010845966455
2998,0.9953726226721092
2999,0.9959217208045176
3000,0.024912087614502507
3001,0.9990219401693979
3002,0.9974262414771357
3003,0.9907527866954423
3004,0.9997206312859218
3005,0.9962486529626088
3006,0.9983726483578725
3007,0.9867040563673716
3008,0.9591624312083918
3009,0.9985057677649884
3010,0.011485039397461353
3011,0.9910749131142925
3012,0.9995801596564394
3013,0.9970911809424963
3014,0.995757095866558
3015,0.9952771470291336
3016,0.999322901130556
3017,0.9297112300816514
3018,0.9989616312180728
3019,0.9999520137428202
3020,0.9994639029445099
3021,0.9937598105504674
3022,0.9997478837369393
3023,0.9931059806241004
3024,0.9974179324283283
3025,0.006314317713123812
3026,0.9410634363095381
3027,0.9985529305695475
3028,0.990134826422085
3029,0.929862854742309
3030,0.9296619749988614
3031,0.9976420990055938
3032,0.9987985578899466
3033,0.9996930543580849
3034,0.9946540736463698
3035,5.69988084491313e-06
3036,0.9691482161166097
3037,0.9272140644607443
3038,0.9981933147266293
3039,0.04547540944822386
3040,0.9310707596121283
3041,0.9814963598124883
3042,0.9753600632170286
3043,0.971522161758996
3044,0.9996836252671334
3045,0.9760170782662396
3046,0.9691190696212788
3047,0.9994363571364957
3048,0.9998238840659772
3049,0.9952431503249257
3050,0.9732537466324437
3051,0.9979010848397893
3052,9.663460253946666e-06
3053,0.9967277031773918
3054,0.9994924765818424
3055,0.9959661899983419
3056,0.9940521573972477
3057,0.9832493126408585
3058,0.9982348257927918
3059,0.9951224653217935
3060,0.9704197045672762
3061,0.3862452981527984
3062,0.9909873692229857
3063,0.9948917788897679
3064,0.999522094754436
3065,0.004716195096604509
3066,0.9978814451119733
3067,0.9993397228763766
3068,0.9523951270257525
3069,0.9977804085303729
3070,0.07300622405988351
3071,5.929890576902684e-06
3072,0.981323786932218
3073,0.9994992158200507
3074,0.0031717024282536693
3075,0.9989014834425393
3076,0.9898695670415069
3077,0.9999061653641756
3078,0.9968840114715479
3079,0.9961541839566932
3080,0.9959724930292307
3081,0.9617244697090731
3082,0.9997058452713948
3083,0.9949803128036668
3084,0.9657768749397032
3085,0.999897820424068
3086,0.9953129323687543
3087,5.730882178269107e-06
3088,0.9977758149508955
3089,4.0011531311036014e-07
3090,0.9978145228316104
3091,0.9966472622485707
3092,0.9950459184958902
3093,0.8701847476895912
3094,0.9896712486681764
3095,0.9938414734763357
3096,0.994815300842593
3097,0.9946568790311894
3098,2.737242311424671e-06
3099,0.9660321779972431
3100,0.9797035685787272
3101,0.9905489059930123
3102,0.9988907400585544
3103,0.999323956758205
3104,0.9931619240539212
3105,0.9982283720282826
3106,0.9989437257675601
3108,0.998427928438906
3109,0.9248034463848179
3110,0.9772334819691328
3111,0.9393623339844711
3112,0.9974017103266746
3113,0.9999088650729479
3114,0.999914625403393
3115,0.9996227082760956
3116,0.9852662320927709
3117,0.023240234478787807
3118,0.9998637811747295
3119,0.9889392072614903
3120,0.9934192901815511
3121,0.999225551860779
3122,0.9998307142559186
3123,0.9994031444398631
3124,0.9995832119467251
3125,0.9933258552642749
3126,0.9999146232038599
3127,0.99916747368355
3128,0.9998261427147771
3129,0.964752955072907
3130,0.9976090011655749
3131,0.9998870112257675
3132,0.9987208371113158
3133,0.9890714280078309
3134,0.9937131457727125
3135,0.9989311568782032
3136,0.9999065990046082
3137,0.9851117847484577
3138,0.9718427107560411
3139,0.9953560853159034
3140,0.9998836962915084
3141,0.9615590986267089
3142,0.9839518444539085
3143,0.9902157102529762
3144,0.0028809596873877216
3145,0.9998697372821522
3146,0.9999024784585847
3147,0.9998911658491523
3148,0.9989645983463727
3149,0.998801544620659
3150,0.9992913322400232
3151,0.9998510357443361
3152,0.017354594156690367
3153,0.9798570651824365
3154,0.9950884347978388
3155,0.9906927618628437
3156,0.9980872649298275
3157,0.9988789148136199
3158,0.9998556287219651
3159,0.9980419534346363
3160,0.9978743609172968
3161,0.9578207274411
3162,0.8706151637320448
3163,0.998114760682913
3164,0.9614592058515381
3165,0.9682043675901176
3166,0.989740899169812
3167,0.9939462851120008
3168,0.9890501419349205
3169,0.9690005288635298
3170,9.42522248015809e-06
3171,0.5774884059213147
3172,0.9995464493968514
3173,0.997560735286812
3174,0.9961078927253678
3175,2.642106635471152e-07
3176,0.9992243604701853
3177,0.9999350459099944
3178,0.9988289588177777
3179,0.9989612853084867
3180,0.9958275984270301
3181,0.9990647510631
3182,0.9998908400292963
3183,0.9671668880444454
3184,0.9980310498616247
3185,0.994161006899342
3186,0.9927284232027099
3187,0.976286831197964
3188,0.9993215482624268
3189,0.9994863242767634
3190,0.9995383565629119
3191,0.9998090065535435
3192,0.9996982236540993
3193,0.9991496679991756
3194,0.9390765579518512
3195,0.8450790338892625
3196,0.9968422623754534
3197,0.9980869346956059
3198,0.9997117879918631
3199,0.9935737877304565
3200,0.9998534408684161
3201,0.9455342174001141
3202,0.8600164101765105
3203,0.9988842610363011
3204,0.9859367391869298
3205,0.9940843881110061
3206,0.9972727933090699
3207,0.9993699793949239
3208,0.9895525645660447
3209,0.9871563303960325
3210,0.9992203577329398
3211,0.9798209176652208
3212,0.99930179675463
3213,0.9995405817213043
3214,0.9984496258458179
3215,0.9995119810612865
3216,0.9776468024249049
3217,0.9376529733864611
3218,0.999061567462667
3219,0.9545338851290665
3220,0.9998608290739927
3221,0.9973823281252729
3222,0.05140006721253526
3223,0.9952660081603434
3224,0.9994795768100985
3225,0.9992118653693841
3226,0.9465796677628463
3227,0.999338997131583
3228,0.9997840428304334
3229,0.9591870300787235
3230,1.0670201800263071e-07
3231,0.9995742530397282
3232,0.15680449798781065
3233,0.9927611409027989
3234,0.9958225590887243
3235,0.9975034152655544
3236,0.998822693727043
3237,0.08121783261495559
3238,6.920492212358132e-07
3239,0.9995169827147742
3240,0.999335951940055
3241,0.9963979170746994
3242,0.9656664554532557
3243,0.999452422508039
3244,0.9984376401062157
3245,0.9901797459609654
3246,0.8609138000661558
3247,0.9989931392807626
3248,0.03052707044891174
3249,0.9987285789755035
3250,0.9998867568035714
3251,0.9981682559455985
3252,0.9922892276511822
3253,0.9590671647115756
3254,0.999396563454383
3255,0.992473538083479
3256,3.459713627325999e-06
3257,0.9997609876269743
3258,0.03979592146615718
3259,0.9888355741249499
3260,0.9941215289691866
3261,0.9833734805517362
3262,0.9965494336503901
3263,0.9997689935120577
3264,0.22848889429543923
3265,6.981234858849213e-07
3266,0.9984934155138935
3267,0.9890945365598237
3268,0.9484925323288546
3269,0.9995843016060885
3270,0.9999186686303752
3271,0.9536945395000196
3272,0.02321401874025025
3273,0.9682614857452116
3274,0.9999395553057331
3275,0.9996000511179285
3276,0.9994439140303175
3278,0.9972117276086155
3279,0.09885654122014859
3280,0.9962552139608974
3281,0.9617555259819445
3282,0.9954956281304258
3283,0.9955671140729286
3284,0.9627097749651152
3285,0.9955520566827792
3286,0.9892176529577544
3287,0.9907305062132917
3288,0.9852956529134682
3289,0.9996825901303628
3290,0.9918595978454335
3291,0.45265932559727956
3292,0.9558552636518888
3293,0.9395189605556373
3294,0.9997692504512354
3295,0.9992345673790984
3296,0.9987482249448784
3297,0.9789890313282166
3298,5.446436861818384e-07
3299,0.9009519338456694
3300,0.9978503265899943
3301,0.9807287773821498
3302,0.931170195141153
3303,0.9975175864174936
3304,0.9976206353986842
3305,0.9862153821727059
3306,0.9914101780486353
3307,0.9875877892598001
3308,0.9998007293234745
3309,0.9993787543333629
3310,5.86917967408103e-06
3311,0.9996443554328162
3312,0.9973189831032203
3313,0.9991202284286315
3314,0.9758203826491119
3315,0.9983436204529866
3316,0.976065553632943
3317,0.9974195678588399
3318,0.9997063573585491
3319,0.9993572065344186
3320,0.9995092252372793
3321,0.9989382157776382
3322,0.9911849309066915
3323,0.9557306633778468
3324,0.011922920189557628
3325,0.990609274122848
3326,0.9307395086088326
3327,0.9996372057337229
3328,0.0905074203884716
3329,0.932069246549348
3330,0.9995283879422281
3331,0.9857467228878312
3332,0.9984749006272984
3333,0.9968465825661692
3334,0.9892436860566012
3335,0.9832986466035762
3336,0.9862700789587843
3337,0.03468232164453559
3338,0.9901221585744354
3339,0.986459409749621
3340,2.136536378627783e-07
3341,0.978177445007328
3342,0.99572134010996
3343,0.9970717314829315
3344,0.9997503668307033
3345,0.964298477493554
3346,4.091538046648207e-06
3347,0.9996018056093731
3348,1.3749169872806407e-05
3349,0.9978491321181405
3350,0.9974274874594539
3351,0.9998928848996282
3352,0.971857628648848
3353,0.9983212031483432
3354,0.9998724692497716
3355,0.998045399547261
3356,0.9995137061085155
3357,0.9994319063498592
3358,0.9961306980276604
3359,0.9981400038598156
3360,0.9997782106105643
3361,0.895990710467393
3362,0.9975861725841173
3363,0.9989490191657913
3364,0.9984700971727611
3365,0.9920907979644235
3366,0.04190959989520467
3367,0.999426684727867
3368,0.969194729312534
3369,0.9769484068018817
3370,0.9989897238752322
3371,0.999773119725319
3372,0.9990674235840536
3373,0.9993869060412175
3374,0.9720085759485516
3375,0.9714760892258684
3376,0.9948757063909944
3377,0.9980652810866777
3378,0.9990479444108672
3379,0.9979924094432598
3380,0.9984910796329237
3381,0.9311695268402209
3382,0.9860059282584654
3383,0.9987262765969838
3384,0.9912958378947713
3385,0.9990134240614817
3386,0.9032844472065993
3387,0.996154317649244
3388,0.9992367689559153
3389,0.9984235888032545
3390,0.9989041051949543
3391,0.9954549662148106
3392,0.9983906790160123
3393,0.9985415734796008
3394,0.9998537866600505
3395,0.07331378741547094
3396,0.026233347513761638
3397,0.9994132288950577
3398,0.9958712184199832
3399,0.9919000364279968
3400,0.03280561094546925
3401,0.008882873408306442
3402,0.9970907906782668
3403,0.9791218631955088
3404,0.9995301817825668
3405,0.9998961915983537
3406,0.20308024954141196
3407,0.9983548132883869
3408,0.9990680672951361
3409,0.970819452760638
3410,0.3714879249043906
3411,0.9996274910776934
