unique_id,play years_0,play years_1,play years_2
1968,0.14130328555273056,0.3035725691963073,0.5551241452509621
1969,0.04240581259722592,0.9244189020225354,0.03317528538023895
1970,0.7826223290770543,0.21586746769478246,0.0015102032281633867
1971,0.06817761348898571,0.8374933513423003,0.094329035168714
1972,0.20069590275478075,0.7910890470075279,0.008215050237691564
1973,0.7556226666817467,0.18149838383706485,0.06287894948118829
1974,0.3940474743924761,0.5922710452300628,0.013681480377461164
1975,0.40787496783150917,0.005855376788136024,0.5862696553803548
1976,0.5133663971555532,0.31018280491765005,0.17645079792679683
1977,0.6321809974557027,0.36637629852167863,0.0014427040226186142
1978,0.2467399221346149,0.7472153431540907,0.006044734711294387
1979,0.03855597373048926,0.6268051326597134,0.3346388936097977
1980,0.06313942226700783,0.09977901064015116,0.837081567092841
1981,0.001460578607530207,0.9546178291709619,0.04392159222150777
1982,0.6775549642374104,0.28486245364847734,0.037582582114112334
1983,0.017646432333373242,0.9351951743810663,0.047158393285560506
1984,0.15247226601102085,0.45720157554827767,0.39032615844070123
1985,0.013599446999420643,0.5804634147265845,0.4059371382739946
1986,0.003424432654058907,0.9733198471797934,0.02325572016614774
1987,0.40457526318179865,0.5270423637409783,0.06838237307722268
1988,0.14003713189967082,0.43178723296503213,0.42817563513529694
1989,0.0016456217902920105,0.8943221276220752,0.10403225058763257
1990,0.004475178434831934,0.9813429002468301,0.014181921318337919
1991,0.7493229567039528,0.013901582408730871,0.2367754608873164
1992,0.0066246620456101276,0.9395089869963952,0.05386635095799472
1993,0.015733949694999916,0.9318902887910964,0.05237576151390367
1994,0.1291856391776645,0.8230624718952918,0.04775188892704391
1995,0.0007021565074840686,0.9692552558402417,0.030042587652274074
1996,0.01423469859599598,0.9729513585968297,0.012813942807174095
1997,0.0017695505142241142,0.9951234806568032,0.0031069688289728113
1998,0.037666182127183576,0.6847036338669046,0.27763018400591166
1999,0.9729646503152154,0.02670627641958953,0.000329073265194931
2000,0.07743938464736459,0.8986777230823018,0.02388289227033373
2001,0.00011668562307830355,0.9879319989408738,0.011951315436047858
2002,0.38006602403973344,0.21157950247896712,0.40835447348129955
2003,0.003905222755918345,0.9166308379973378,0.07946393924674386
2004,0.02924116062375825,0.2042254755814204,0.7665333637948212
2005,0.003924786604896224,0.02197975055796125,0.9740954628371424
2006,0.0070446300913501346,0.9505198800334713,0.04243548987517828
2007,0.09371375866562316,0.5634417509268365,0.34284449040754045
2008,0.020437118143455127,0.7455385633551807,0.23402431850136413
2009,0.02230592420500808,0.9469353455506259,0.03075873024436609
2010,0.000542145224375988,0.9486891553540997,0.050768699421524247
2011,0.006630257393287974,0.9643084261329675,0.029061316473744315
2012,0.04087186082679347,0.366929436358424,0.5921987028147822
2013,1.2345857411151026e-05,0.9962359498459796,0.0037517042966093723
2014,0.9180859753868638,0.06719348290720745,0.014720541705928816
2015,0.043520913690446535,0.6853789884714566,0.2711000978380967
2016,0.0013792333203554428,0.9885720397597726,0.010048726919872155
2017,0.012842915030779771,0.9200472070285184,0.06710987794070175
2018,0.15321473162845006,0.8122946983357868,0.034490570035763245
2019,0.7652147434995596,0.2118948391850402,0.02289041731540003
2020,0.07555688855088748,0.1415452652116236,0.7828978462374889
2021,0.010798135910115535,0.04843254768721283,0.9407693164026718
2022,0.09788174840309004,0.06761513898432363,0.8345031126125863
2023,0.47446060108059757,0.42615120941384216,0.09938818950556005
2024,0.22693876837912422,0.7209419990382491,0.05211923258262668
2025,0.00539073265630851,0.9541392602132701,0.04047000713042129
2026,0.0018807091460795785,0.9817827703079962,0.016336520545923956
2027,0.019628155178552924,0.14312431218840468,0.8372475326330424
2028,0.017805300684091512,0.6366136570925128,0.3455810422233958
2029,0.09914867676033619,0.7566092738986457,0.14424204934101822
2030,0.0003624346952289869,0.978239890152851,0.02139767515191997
2031,0.22465240849508616,0.3845715395772371,0.39077605192767656
2032,0.8579716154145562,0.14012037476984232,0.0019080098156015037
2033,0.027144951893383316,0.18573784136011978,0.7871172067464969
2034,0.0009986988576477663,0.76203209167655,0.23696920946580236
2035,0.030637738237639992,0.8505695753719317,0.11879268639042818
2036,0.002771373119777584,0.9839397374680786,0.013288889412143637
2037,0.5030502141784249,0.35506893957490687,0.14188084624666808
2038,0.03381980300160193,0.8257051872942479,0.1404750097041501
2039,0.10303079151718172,0.0053604796363209304,0.8916087288464974
2040,0.049388466371983054,0.9301230283383977,0.020488505289619135
2041,2.2541069363766683e-06,0.9984367659889072,0.0015609799041563673
2042,0.273685366081107,0.11652230910595511,0.609792324812938
2043,0.7204327061748679,0.26904093194049516,0.010526361884637219
2044,0.6667932392332646,0.03200851621047334,0.3011982445562622
2045,0.000320108042960986,0.9410077123048981,0.05867217965214097
2046,0.23146808279107897,0.6889021960689877,0.07962972113993325
2047,0.017192806209297494,0.9665583715031523,0.01624882228755042
2048,0.2458362474373863,0.5287808847017137,0.22538286786089992
2049,0.45084357283572046,0.44547165095719776,0.10368477620708161
2050,0.029911667936137466,0.9174992334274417,0.05258909863642093
2051,0.10529876869436698,0.42623078220422195,0.468470449101411
2052,0.6775168699521895,0.2574653048798746,0.06501782516793607
2053,0.9261655317688411,0.06821040715389773,0.005624061077260961
2054,0.2399554704082132,0.030025520708944823,0.7300190088828419
2055,0.8929086755852308,0.09057469560362537,0.016516628811143654
2056,0.13066116343706374,0.08820595342392222,0.781132883139014
2057,0.004268616004594818,0.9848597871758376,0.010871596819567552
2058,0.008834418585900405,0.9339117729615197,0.05725380845258007
2059,0.01094479645452872,0.9818623366786661,0.007192866866805271
2060,0.0481985678789052,0.8734043240513637,0.07839710806973152
2061,0.004356570886850628,0.9667335546641728,0.028909874448976667
2062,0.1576805333333234,0.49885181721276184,0.3434676494539147
2063,0.7541040768347387,0.17051519843120486,0.0753807247340562
2064,0.004601336932007546,0.9787193030332643,0.01667936003472835
2065,0.014003964544036443,0.9736649591696406,0.012331076286322932
2066,0.004017825432827058,0.03330991796242719,0.9626722566047456
2067,0.08709811850200534,0.6583409161860185,0.25456096531197614
2068,0.008501887940821712,0.9835894007861146,0.007908711273063748
2069,0.7111877450875015,0.16681075525005606,0.1220014996624424
2070,0.05441843424559813,0.5793357900008763,0.3662457757535254
2071,0.0032829967023749957,0.949471282514208,0.04724572078341696
2072,0.010834067402252467,0.9231732061953417,0.06599272640240586
2073,0.0358309551477165,0.9185708258650723,0.04559821898721097
2074,0.013991991721981577,0.9548292310530443,0.031178777224974405
2075,0.7887120810310531,0.14294984604495703,0.0683380729239899
2076,0.022084806343839185,0.14679695295606804,0.8311182407000928
2077,0.02378502287787953,0.9700058394392532,0.00620913768286696
2078,0.05950824519407254,0.7583508640164286,0.1821408907894988
2079,0.014311907404161392,0.08324194533042636,0.9024461472654121
2080,0.14641547504714456,0.46089971010070746,0.39268481485214807
2081,0.15655554204478184,0.507399344166863,0.33604511378835517
2082,0.046926280487859386,0.3939128688857685,0.5591608506263722
2083,0.16251385240705146,0.8098994576341885,0.02758668995876024
2084,0.10202408681182355,0.011815507532499462,0.886160405655677
2085,0.9445916882430444,0.05069631588486636,0.0047119958720894415
2086,0.20954923916671175,0.7749507556604036,0.015500005172884345
2087,0.136753572866932,0.2013723077024097,0.6618741194306584
2088,0.24556483734002885,0.32226647465927105,0.43216868800070024
2089,0.1392004571191872,0.7987533692760267,0.06204617360478615
2090,0.05347360533768663,0.9251877217488155,0.021338672913498103
2091,0.004316367161956503,0.9356973539038635,0.05998627893417969
2092,0.011368062920527914,0.9793917259945131,0.009240211084959035
2093,0.2739724095339594,0.7230032365727477,0.0030243538932927753
2094,0.03874511760423639,0.9295508683415425,0.031704014054220964
2095,0.0046913752623688795,0.9774543140221477,0.01785431071548342
2096,0.058276721209930556,0.38383518040192427,0.5578880983881451
2097,0.012711744825120838,0.6802267808517656,0.3070614743231136
2098,0.27717796117537247,0.6670192480155568,0.05580279080907074
2099,0.6915929830674573,0.09589425783881962,0.2125127590937229
2100,0.013036587052871673,0.9828010089435805,0.004162404003547774
2101,0.06749840451368995,0.47296814102191,0.45953345446440014
2102,0.027823613813987243,0.20472509872564904,0.7674512874603636
2103,0.4799983390534165,0.00813991228578041,0.511861748660803
2104,0.041015234801836734,0.34388549086400644,0.6150992743341567
2105,0.13900096133168244,0.7090563468969772,0.1519426917713406
2106,0.013405787134613682,0.9574798484920246,0.029114364373361852
2107,0.6437176933300276,0.35506810646669523,0.0012142002032771177
2108,0.19100281395702903,0.8070225970680911,0.0019745889748798316
2109,0.06431144660250132,0.8908838517748683,0.04480470162263035
2110,0.9047357588246174,0.05494116067638761,0.04032308049899493
2111,0.06784559907200907,0.02276751152536383,0.9093868894026269
2112,0.04350308544946385,0.9512075396754193,0.005289374875116564
2113,0.05126074855443082,0.0202484288122973,0.9284908226332717
2114,0.17389417901883816,0.5653876013894464,0.26071821959171537
2115,0.015436336229904413,0.9730291019924636,0.011534561777631852
2116,0.03643955539520995,0.9606856224450329,0.0028748221597572287
2117,0.23709728429538274,0.2797259678634863,0.48317674784113107
2118,0.9639813313618156,0.03114868933486144,0.004869979303322798
2119,0.0014603246160802474,0.3221795601941409,0.676360115189779
2120,0.015358182459518215,0.6888739064505512,0.29576791108993084
2121,0.006670953902430719,0.9598426704072652,0.033486375690303924
2122,0.08891939200672414,0.17063089686921212,0.7404497111240639
2123,0.05250454047797059,0.918816485485177,0.028678974036852278
2124,0.07902906677186393,0.9002097680130536,0.020761165215082495
2125,0.9396044275934434,0.05938507517471547,0.0010104972318411393
2126,0.0038913990739267114,0.9873580419664372,0.008750558959635984
2127,0.01368455736405472,0.9745810503100436,0.011734392325901384
2128,0.4485805367474699,0.5502381342433782,0.0011813290091519015
2129,0.02579665817818157,0.9420111814748663,0.032192160346952575
2130,0.02387136308641041,0.7577404106852554,0.21838822622833398
2131,0.6259413567520463,0.2762605718044968,0.09779807144345674
2132,0.19881017693864667,0.5389668902231192,0.2622229328382339
2133,0.025120052257268728,0.9530956988992256,0.021784248843505778
2134,0.46314174770027494,0.5102975935233358,0.02656065877638934
2135,0.11940903005940125,0.49172484856353676,0.388866121377062
2136,0.00368898721256487,0.9677646825943579,0.028546330193077347
2137,0.03779815842899274,0.423281581448532,0.5389202601224753
2138,0.011398257097024704,0.9665292346639852,0.02207250823898973
2139,0.10885284729796019,0.8554284633769957,0.03571868932504402
2140,0.4210385677739224,0.5659931742034735,0.012968258022604073
2141,0.2682205446510447,0.5686192794556765,0.16316017589327886
2142,0.0037878788049128947,0.9885070325538591,0.007705088641227841
2143,0.016508659634997154,0.029957380517715154,0.9535339598472877
2144,0.12513619039565624,0.8570534717669064,0.017810337837437212
2145,0.7338267480923485,0.01622064400920346,0.24995260789844806
2146,0.4248888673184574,0.5717914069822395,0.0033197256993030776
2147,0.019301888802684113,0.9551320492411902,0.025566061956125655
2148,0.01255130924049198,0.9539154825042339,0.0335332082552741
2149,0.1018548228215233,0.5785653496148869,0.3195798275635899
2150,0.003942235953753298,0.7747192126274006,0.22133855141884615
2151,0.7988139879593613,0.11062753600637575,0.09055847603426291
2152,0.02336928908039444,0.9531821616250091,0.023448549294596534
2153,0.8784329822158283,0.008514515419987474,0.11305250236418418
2154,0.00374611840335216,0.9563673816536457,0.03988649994300203
2155,0.0012268398134213255,0.9873958766441824,0.011377283542396333
2156,0.009506562283842217,0.8469790728691742,0.14351436484698346
2157,0.03557819067910775,0.9160244075234175,0.04839740179747486
2158,0.00641163809540418,0.9578959256476297,0.03569243625696618
2159,0.007229518537358099,0.7161417026023581,0.27662877886028414
2160,0.805277977810071,0.17839425031148745,0.01632777187844151
2161,0.7239953666268848,0.2500679079593141,0.025936725413801397
2162,0.01770988048365032,0.9647296172249137,0.017560502291436016
2163,0.24883993454477804,0.7119366652833009,0.039223400171921274
2164,0.004745550116132648,0.9834884545210275,0.011765995362839685
2165,0.688023645405157,0.004679219013138243,0.3072971355817046
2166,0.0758328403954626,0.04535778386646275,0.8788093757380745
2167,0.1106986364282938,0.733553883924963,0.15574747964674265
2168,0.009825963791285973,0.9311708675719524,0.059003168636761465
2169,0.04038542109687944,0.10565338408197716,0.8539611948211435
2170,0.17321274533698477,0.8146028808506052,0.012184373812409987
2171,0.20758888016810198,0.6148656759194725,0.17754544391242544
2172,0.011319340653709063,0.9510353880595142,0.037645271286776756
2173,0.0013622109484809062,0.9926245370015424,0.0060132520499767105
2175,0.00903249884121611,0.1559039088204093,0.8350635923383746
2176,0.5353228120465319,0.3384915780972804,0.12618560985618765
2177,0.020077342038893838,0.9599045141641174,0.02001814379698902
2178,0.35781158329335433,0.5320327374944627,0.11015567921218287
2179,0.24320549252920948,0.6030972616303919,0.1536972458403989
2180,0.0034497786863285193,0.882002131639325,0.11454808967434667
2181,0.06587959481307945,0.10470246214184295,0.8294179430450774
2183,0.55432023449857,0.03344856570277415,0.4122311997986558
2184,0.17883873441978468,0.5149061629636879,0.30625510261652733
2185,0.18631370328485397,0.07086155339604322,0.7428247433191028
2186,0.0048383885078159775,0.9670423062502247,0.028119305241959363
2187,0.016366852988810396,0.17126345296619766,0.8123696940449919
2188,0.03438602113445346,0.9408705498122856,0.024743429053261465
2189,0.009214721161450777,0.8963278587832116,0.09445742005533751
2190,0.005710612220484681,0.7918692713559493,0.202420116423566
2191,0.006577526423252703,0.9139100483613505,0.07951242521539682
2192,0.3902225035544821,0.6077535968775424,0.002023899567975554
2193,0.02854444356661505,0.9416816172136058,0.02977393921977891
2194,0.005421551672646539,0.9803403956151401,0.014238052712213322
2195,0.15502712043317868,0.7974263763679563,0.04754650319886505
2196,0.005372430195087617,0.9580894591789134,0.036538110625998925
2197,0.00475128352330837,0.9486000903771579,0.04664862609953364
2198,0.005483248959699582,0.9590388110720965,0.03547793996820383
2199,0.002256901317366025,0.9741901313759135,0.023552967306720376
2200,0.32640897873854735,0.3829009054481119,0.2906901158133405
2201,0.9549484633059212,0.026097869988569417,0.01895366670550965
2202,0.00015356408409696254,0.9862888652959594,0.013557570619943504
2203,0.009401687995548778,0.9875336737712702,0.0030646382331810033
2204,0.038517413013958016,0.7478556572467043,0.2136269297393375
2205,0.18071001310722098,0.5423995032889192,0.2768904836038601
2206,1.473780108624686e-06,0.9988488226461142,0.0011497035737771436
2207,0.03294610919522749,0.9499088796057129,0.017145011199059527
2208,2.684235722314982e-05,0.9943571931994313,0.0056159644433455705
2209,0.058013726298853784,0.31122793751254557,0.6307583361886007
2210,0.14450545917376958,0.7489853983857019,0.10650914244052861
2211,0.8827343254148361,0.09263946750869903,0.024626207076465005
2212,0.0023029840865955013,0.9724887662407933,0.025208249672611305
2213,0.012492888549935964,0.7583900780768025,0.2291170333732616
2214,0.005318966361194621,0.9793853372084197,0.01529569643038563
2215,0.023252516381175307,0.9537532405239603,0.022994243094864357
2216,0.025433924593856096,0.17461141200628627,0.7999546633998573
2217,0.003462208356509756,0.9581161734569683,0.03842161818652227
2218,0.03325629572128707,0.4527277865431955,0.5140159177355171
2219,0.06138979100247237,0.01641991106019077,0.9221902979373368
2220,0.0011909465537852679,0.9938301451769197,0.004978908269295024
2221,0.26818513682474565,0.568668736123468,0.16314612705178627
2222,0.002273250749200225,0.9852478620064777,0.012478887244322234
2223,0.021122322907201983,0.519615804620073,0.45926187247272493
2224,0.06787255430139483,0.5999701414059077,0.3321573042926978
2225,0.7281752724865144,0.2708368511812013,0.0009878763322840086
2226,0.002209436467521525,0.6239456231426397,0.373844940389839
2227,0.07410908129062088,0.7231345484714102,0.20275637023796916
2228,0.07111242135648747,0.47547688302991814,0.45341069561359454
2229,0.4959829285194881,0.4948101481459421,0.009206923334569829
2230,0.016955388786829492,0.6373714268593073,0.34567318435386335
2231,0.8007326878860576,0.043501897337480167,0.15576541477646225
2232,0.0489853989655049,0.9456361898376578,0.005378411196837173
2233,0.017702839915325643,0.8205857884674432,0.16171137161723123
2234,0.1544464713151372,0.48860348778203977,0.35695004090282273
2235,0.05127001538406548,0.7605841101191146,0.18814587449682002
2236,0.7928271654473293,0.15609780798306885,0.051075026569601716
2237,0.050870123282186853,0.6934684527441117,0.2556614239737015
2238,0.08547480032811205,0.24380914216956254,0.6707160575023254
2239,0.010908912022732987,0.9697097962204051,0.019381291756862012
2240,0.023356186409817774,0.9665292417899869,0.01011457180019527
2241,0.7191402714417207,0.038405223389781924,0.24245450516849737
2243,0.018168463312627274,0.9422840500256595,0.03954748666171322
2244,0.0084708052477947,0.974156958948689,0.017372235803516285
2245,0.004208651560493736,0.9722599675320257,0.023531380907480588
2246,0.021508703404721906,0.6872546104617067,0.29123668613357134
2247,0.8401356512042493,0.14295488538689527,0.016909463408855456
2248,0.16939402934520245,0.7117308338395015,0.11887513681529609
2249,0.010788678968776543,0.08146289984896928,0.9077484211822542
2250,0.7163518714516255,0.2831050840127255,0.0005430445356489538
2251,0.7336094122078167,0.18396327360569592,0.08242731418648738
2252,0.6309937988026464,0.32000685118963984,0.04899935000771383
2253,0.0023874966315177923,0.8265708029206593,0.17104170044782288
2254,0.02540235651420291,0.9517173091975002,0.022880334288296757
2255,0.09076456996277348,0.8271064486764038,0.08212898136082282
2256,0.24591530985402735,0.07065649920067299,0.6834281909452995
2257,0.011421437040269,0.9754307920742198,0.013147770885511334
2258,0.0382221190142794,0.5907114460215641,0.3710664349641563
2259,0.15902097792219855,0.06644283320375366,0.7745361888740478
2260,0.003430612230412121,0.9670346806865553,0.029534707083032526
2261,0.7614206650153575,0.2346344390741771,0.003944895910465434
2262,0.31469028640732327,0.5081383632160262,0.17717135037665005
2263,0.047444615545134586,0.9310209523433612,0.021534432111504208
2264,0.039414221372471366,0.9229657550622784,0.03762002356525016
2265,0.010272369542683464,0.9845892397958356,0.005138390661480985
2266,0.0895311918878487,0.7559033275516459,0.1545654805605053
2267,0.08385656344451545,0.5124777934043971,0.40366564315108755
2268,0.018523984797026438,0.7782716853295145,0.2032043298734589
2269,0.22288519153037747,0.02772546543399415,0.7493893430356283
2270,0.1717397588885807,0.5005719257399038,0.3276883153715153
2271,0.05198463486538153,0.8026828020747521,0.1453325630598664
2272,0.004240068155471469,0.98163773944751,0.014122192397018375
2273,0.4174425800673007,0.5465793926239493,0.03597802730874976
2274,0.002971897324077453,0.9800719115935731,0.016956191082349453
2275,0.1463616567799464,0.5809075703861959,0.27273077283385766
2276,0.8551734397462802,0.1435351858822043,0.0012913743715152978
2277,0.28902218096116167,0.6797645377845406,0.031213281254297745
2278,0.00486502855764125,0.8462403691765386,0.14889460226582021
2279,0.7076527328295763,0.021753709057797083,0.2705935581126266
2280,0.018407994108492833,0.9258326573644909,0.05575934852701622
2281,0.003984734866205324,0.9504723744710613,0.04554289066273359
2282,0.1841488592707399,0.16587798473552898,0.6499731559937311
2283,0.6661631020978702,0.07753640472616295,0.2563004931759668
2284,0.07345766781155896,0.798287723520097,0.12825460866834368
2285,0.13338447341999307,0.6045381041455483,0.2620774224344584
2286,0.009147743878955906,0.42211716465978877,0.5687350914612552
2287,0.023624780948996966,0.7927847884976512,0.18359043055335167
2288,0.6876759542835412,0.10333735915678828,0.2089866865596707
2289,0.0003438381413259075,0.9788984452236791,0.020757716634995007
2290,0.07751689376544056,0.10231460975295929,0.8201684964815998
2291,0.16674565679882197,0.5028156030624499,0.330438740138728
2292,0.030370222056698478,0.9616225015259321,0.008007276417369275
2293,0.0015155186851075482,0.00859926259485406,0.9898852187200387
2294,0.0733541733839886,0.409605510663549,0.5170403159524622
2295,0.029159301692913992,0.20875824465602907,0.7620824536510571
2296,0.3236593654099707,0.08233182871311197,0.5940088058769174
2297,0.23849871379866433,0.7448982158986077,0.01660307030272766
2298,0.0033044778862613374,0.9738145779518035,0.02288094416193506
2299,0.012366387185532879,0.036982548682952796,0.9506510641315146
2300,0.044522479748000506,0.4156818203167006,0.5397956999352987
2301,1.0824818753098915e-05,0.9964424065947978,0.003546768586449011
2302,0.42911085572360086,0.3819043815634358,0.18898476271296322
2303,0.11103262598536955,0.8833053391922348,0.005662034822395568
2304,0.14011347569145807,0.5714750504467573,0.2884114738617844
2305,0.008390654064175997,0.901610480254323,0.08999886568150088
2307,0.004273420113498422,0.9716639883996397,0.024062591486861747
2308,0.0032022642213384673,0.9613796764178876,0.03541805936077403
2309,0.040297872432750556,0.8565025488525319,0.10319957871471744
2310,0.365975927645677,0.5625523696274406,0.07147170272688255
2311,0.0273286970858763,0.20665543883261436,0.7660158640815092
2312,0.005134339381729673,0.9850012633282866,0.009864397289983375
2313,0.020292401726313955,0.9544678515858929,0.02523974668779291
2314,0.018992259121669134,0.12298588436795799,0.8580218565103725
2315,0.00725695752847263,0.983005224109331,0.009737818362196374
2316,0.014216619458183375,0.20031050611467255,0.7854728744271439
2317,0.04923345336595998,0.873706913794631,0.07705963283940923
2318,0.009704123329466765,0.9782758116677946,0.012020065002738712
2319,0.43464752700269094,0.5516982410779602,0.0136542319193491
2320,0.020499776452454568,0.9620629679123597,0.017437255635185826
2321,0.14375979938786193,0.8277207273334918,0.028519473278646495
2322,0.7693797286096525,0.015037521946434292,0.215582749443913
2323,0.006341701088767602,0.9865314137046285,0.007126885206603919
2324,0.09403740517673195,0.8842824052132168,0.0216801896100511
2325,0.013564166830400544,0.9046360155552646,0.0817998176143347
2326,0.2687779041797477,0.423370781019577,0.3078513148006753
2327,0.1965386797559523,0.48570482337116316,0.31775649687288454
2328,0.02835531032830898,0.9427233179723798,0.028921371699311315
2329,0.029008203232161616,0.20772055985368842,0.7632712369141499
2330,0.11732224019289507,0.8696786089832269,0.012999150823877918
2331,0.04711309021314546,0.899372448419706,0.05351446136714894
2332,0.006632970678970998,0.8750552669430474,0.11831176237798155
2333,0.009552565445780446,0.9776411333693626,0.0128063011848568
2334,0.1435425622568369,0.16758114229024962,0.6888762954529134
2335,0.0007487654164268191,0.9683537376499767,0.0308974969335965
2336,0.959909930282117,0.029371164974043976,0.010718904743838948
2337,0.1190055724944577,0.4482927954085342,0.4327016320970082
2338,0.8328199087477517,0.16324539460958046,0.003934696642667976
2339,0.005224898004288474,0.9853404652345322,0.009434636761179335
2340,0.03509243241253503,0.9013121504647709,0.06359541712269427
2341,0.539821713666862,0.4373436989832908,0.02283458734984745
2342,0.10325551146286081,0.6958051576766585,0.2009393308604803
2343,0.05005568710480015,0.8710234754967017,0.07892083739849813
2344,0.1387663687009144,0.4091360856528714,0.45209754564621424
2345,0.1332848924108041,0.1718724282266736,0.6948426793625223
2346,0.002177660413553351,0.27910925080230475,0.7187130887841415
2347,0.44833457606091587,0.4668629911823981,0.08480243275668567
2348,0.0016537996447851546,0.9865754052694315,0.011770795085783112
2349,0.003256950665693433,0.9854303169990248,0.011312732335281891
2350,0.029654155117468026,0.9018921086778291,0.06845373620470284
2351,0.12121457158690287,0.6033329477066801,0.2754524807064167
2352,0.011799497903110849,0.9677346940324744,0.020465808064414996
2353,0.03423586860145697,0.9240970245368629,0.04166710686168024
2354,0.242502370579847,0.5184731295637722,0.23902449985638052
2355,0.1454838389522507,0.4961641811303752,0.3583519799173739
2356,0.005770590413933388,0.9405806551803554,0.05364875440571128
2357,0.6296955285309768,0.276285816427407,0.09401865504161638
2358,0.6614026217948084,0.27044019603170416,0.0681571821734874
2359,0.8441944689821458,0.09551241999805761,0.06029311101979628
2360,0.4563677537181379,0.25788281709888744,0.2857494291829744
2361,0.03475709624773609,0.9551044145919853,0.010138489160278713
2362,0.3053358044776581,0.3898324537393709,0.30483174178297084
2363,0.7421314333293968,0.023321144816812404,0.23454742185379063
2364,0.03046413394884839,0.9214899298057524,0.04804593624539899
2365,0.15105372124423136,0.6501285967673659,0.19881768198840286
2366,0.02667655357575423,0.8692713113035446,0.10405213512070119
2367,0.0648468674096761,0.570754777193215,0.3643983553971088
2368,0.03508669312091086,0.8550240487694778,0.10988925810961134
2369,0.0021899217827811126,0.9600044618072704,0.037805616409948485
2370,0.22187396197565198,0.7417820812433253,0.03634395678102273
2371,0.1571876274493952,0.8049630749762576,0.03784929757434711
2372,0.19561626873302962,0.4178638916983485,0.38651983956862196
2373,0.46799916981661976,0.24780605947252513,0.28419477071085497
2374,0.5808225639929838,0.022176585213035387,0.39700085079398084
2375,0.0048472501083955425,0.9179566121072238,0.07719613778438081
2376,0.002044752633672307,0.9353998775415301,0.06255536982479751
2377,0.33827973467749173,0.5567274196365359,0.10499284568597245
2378,0.5659002027080746,0.149090644590869,0.28500915270105653
2379,0.1999506561601139,0.5566544594927446,0.24339488434714152
2380,0.3249696732740784,0.6395345112079421,0.035495815517979444
2381,0.5523599100891271,0.35616008167182067,0.09148000823905234
2382,0.02651038274875272,0.01739035845853683,0.9560992587927104
2383,0.020531460357703483,0.673828769455033,0.3056397701872633
2384,0.03720367990132219,0.8713740156631438,0.09142230443553381
2385,0.03164788842797761,0.959818751059142,0.008533360512880289
2386,0.004860190208989036,0.9770730807255162,0.01806672906549458
2387,0.030180268650225602,0.3109851385032243,0.65883459284655
2388,0.0036532714662610346,0.9752296770158879,0.02111705151785106
2389,0.0811796141406204,0.34937712298917273,0.5694432628702069
2390,0.03326275531442427,0.8597085927622163,0.1070286519233596
2391,2.2504699974820644e-06,0.9990787719784043,0.0009189775515982821
2392,0.04403048929467898,0.8919484317386951,0.0640210789666259
2393,0.9098000017081478,0.06923036275527382,0.020969635536578348
2394,0.16023091673870415,0.4667147968616129,0.37305428639968274
2395,0.3055367887283537,0.5080182017278971,0.1864450095437491
2396,0.016005029167926135,0.6357026071107911,0.34829236372128264
2397,0.00015116368769791457,0.9863191684186002,0.013529667893701797
2398,0.044434687715036225,0.2650013935794375,0.6905639187055264
2399,0.16858061345853675,0.5382755977626347,0.2931437887788286
2400,0.0095095510950666,0.9515031146734735,0.038987334231459815
2401,0.030026986939686,0.9537801758616803,0.016192837198633864
2402,0.027642312499659063,0.48953271142888155,0.4828249760714593
2403,0.05290403616422098,0.8641015337972056,0.08299443003857354
2404,0.04252113739210765,0.9177919934783398,0.03968686912955224
2405,0.006763297666153638,0.9845086053578914,0.008728096975954705
2406,0.022261639783335063,0.8572903849860981,0.12044797523056676
2407,0.4605105595839082,0.529900033924035,0.00958940649205682
2408,0.15106280062360058,0.7494835415763476,0.09945365780005186
2409,0.003939182126080823,0.9791015688397188,0.01695924903420034
2410,0.028881076337465297,0.20592824719189992,0.7651906764706347
2411,0.03485635889045902,0.9385198328002102,0.02662380830933055
2412,0.4183066933198819,0.5128231716649431,0.06887013501517504
2413,0.0009037150866393631,0.15011972817343527,0.8489765567399252
2414,0.1884345554190428,0.50256555688188,0.3089998876990771
2415,0.030153126342077344,0.7736035267974577,0.19624334686046485
2416,0.007658063431339719,0.06219863370053725,0.9301433028681229
2417,0.12921143102751492,0.8541685809265559,0.016619988045929162
2418,0.0397787588231594,0.5732211821137166,0.3870000590631241
2419,0.0009688679831787151,0.9640767765007044,0.03495435551611698
2420,0.3043203803318239,0.4923280900420487,0.20335152962612724
2421,0.01597829528662473,0.9760696600102261,0.007952044703149174
2422,0.668905833525281,0.2935276597098843,0.037566506764835014
2423,0.11070006513175579,0.4208977711933995,0.4684021636748446
2424,0.041473308718794955,0.7862656006565111,0.1722610906246939
2425,0.08070863404409734,0.24372872145869678,0.6755626444972057
2426,0.2534058025740076,0.45924222401027315,0.28735197341571916
2427,0.02490171482159981,0.7094565309726202,0.26564175420578023
2429,0.10928542902981542,0.2639124911966383,0.6268020797735465
2430,0.2890240964946079,0.5268543424578082,0.18412156104758398
2431,0.41423657830963534,0.036952932225619746,0.5488104894647448
2432,0.00091992796421054,0.9647843744833746,0.034295697552414864
2433,0.0014871229394651884,0.9914541920099621,0.00705868505057276
2434,0.22797319556553564,0.7695029954275259,0.002523809006938441
2435,0.01158846077514066,0.9771445388260113,0.011267000398848138
2436,0.00468095574397265,0.9704661049877588,0.02485293926826844
2437,0.01742620856488176,0.9727974714722784,0.00977631996283979
2438,0.09032618832811933,0.6431214414173713,0.26655237025450956
2439,0.0027727292388401914,0.9856272427092145,0.011600028051945342
2440,0.8860919394744993,0.08934189632576182,0.02456616419973904
2441,0.021780446603068566,0.7973681562568194,0.18085139714011195
2442,0.9204318314529393,0.07904996870806606,0.0005181998389946126
2443,0.600073442555299,0.2952934208295536,0.10463313661514742
2444,0.005352139858613655,0.9065127073306304,0.08813515281075587
2445,0.4476819520364815,0.4610826583401273,0.091235389623391
2446,0.0370963687325338,0.9423786173797847,0.020525013887681583
2447,0.0023176071487296377,0.17973932940299675,0.8179430634482736
2448,0.7639046660141562,0.22432290062966256,0.011772433356181264
2449,0.12358994157761517,0.48973288331367276,0.3866771751087121
2450,0.014804416672542235,0.07584426616478095,0.9093513171626768
2451,0.20385650967023627,0.448482822351442,0.3476606679783217
2452,0.020666308737682607,0.5094215576608541,0.4699121336014632
2453,0.002369961775437935,0.02025963441680376,0.9773704038077583
2454,0.11601480610316024,0.30403346001134296,0.5799517338854967
2455,0.0018268399907802977,0.9307937619165276,0.06737939809269211
2456,0.049020890617477185,0.84206486632908,0.1089142430534431
2457,0.09898801161428532,0.8406275124885579,0.060384475897157
2458,0.026712623444511894,0.9504148705786626,0.022872505976825615
2459,0.019171178468761863,0.17115235920401556,0.8096764623272226
2460,0.006803327953891157,0.44182229705537934,0.5513743749907292
2461,0.015372560904495914,0.9772757108665056,0.007351728228998658
2462,0.02830513596069603,0.9214102403862218,0.05028462365308225
2463,0.0023946662750011774,0.6533584629322811,0.34424687079271765
2464,0.0009858939254032216,0.15410428484693095,0.8449098212276657
2465,0.21900519611641234,0.4642810355268111,0.31671376835677656
2466,0.011042447783483638,0.9841902090995588,0.004767343116957512
2467,0.09047687840522933,0.4250122259080317,0.4845108956867387
2468,0.03822965148251167,0.953873950008109,0.007896398509379284
2469,0.6082185377245642,0.0642242388997195,0.32755722337571624
2470,0.9887336025334871,0.009732141168486355,0.0015342562980265103
2471,0.05785219480575968,0.8165549588339543,0.1255928463602859
2472,0.017277470394397823,0.9662582409499413,0.01646428865566092
2473,0.5016872612346243,0.293508926881413,0.2048038118839627
2474,0.0058236054144491355,0.046383313028975665,0.9477930815565754
2475,0.06622584003503235,0.7795173649452519,0.15425679501971565
2476,0.3751440237854857,0.47672341162601234,0.14813256458850182
2477,0.023722680918517168,0.8788258037836203,0.09745151529786275
2478,1.849034768090697e-06,0.998941657790296,0.0010564931749358032
2479,0.0061967460729454565,0.9771597483296734,0.016643505597380922
2480,0.040465225848524224,0.5938495403030499,0.36568523384842594
2481,0.06035113665673091,0.6561034740190732,0.28354538932419576
2482,0.029008205096151433,0.20772057651726558,0.7632712183865829
2483,0.02165614262731368,0.604678622774807,0.3736652345978791
2484,0.024572477256702415,0.9628180092087475,0.012609513534549971
2485,0.055392287889128755,0.819015244948331,0.12559246716254002
2486,0.004975486536134771,0.9573868506820816,0.037637662781783536
2487,0.004851543846475559,0.978506132854199,0.016642323299325634
2488,0.056708363688595546,0.9405593124796333,0.0027323238317712305
2489,0.002001132005779354,0.8972416047374431,0.10075726325677765
2490,0.00794568688363288,0.7708612864726482,0.22119302664371895
2491,0.012232837977524476,0.9638094694411609,0.023957692581314805
2492,0.24860066741902395,0.057381089464436,0.6940182431165403
2493,0.3299091436897364,0.041429218093029956,0.6286616382172335
2494,0.08249139973089525,0.7263025708305139,0.19120602943859094
2495,3.043123222478744e-05,0.9939170062323899,0.0060525625353851555
2496,0.3914149609441169,0.49725345390426157,0.11133158515162161
2497,0.04474721939630242,0.10680438110202538,0.8484483995016721
2498,0.06250441430360026,0.8195647002757733,0.11793088542062638
2499,0.003208951697538402,0.9811338285880855,0.015657219714376225
2500,0.0392087999562954,0.8327921499614067,0.12799905008229798
2501,0.006523257481890494,0.9339656420093247,0.05951110050878497
2502,0.06642098820105216,0.9099375872337232,0.02364142456522467
2503,0.11768554474470813,0.24812670058205066,0.6341877546732412
2504,0.9643007381764438,0.004086420596437222,0.03161284122711881
2505,0.6833569722621625,0.31376592995788083,0.0028770977799567094
2506,0.005819357534699593,0.9749609890062042,0.01921965345909605
2507,0.9442165341921677,0.009476354363253118,0.04630711144457913
2508,0.01800635331670938,0.2668171069616503,0.7151765397216402
2509,0.0034797509385844747,0.9525900428564504,0.043930206204965065
2510,0.3876387369437561,0.4804095814972398,0.13195168155900402
2511,0.003426969039361367,0.9261539275366834,0.0704191034239554
2512,0.04302201401715339,0.5656580812652395,0.3913199047176071
2513,0.2954551937384864,0.5407901779858678,0.16375462827564594
2514,0.09204150941446534,0.02439057348662039,0.8835679170989141
2515,0.040588236011794065,0.6457457988883566,0.3136659650998493
2516,0.5262460853545851,0.46310990414042996,0.01064401050498481
2517,0.9681584499073593,0.027747161367578214,0.004094388725062358
2518,0.12335906496171266,0.30866497674889504,0.5679759582893925
2519,0.05519542827384996,0.8262078368496365,0.11859673487651345
2520,0.01599793279962218,0.9745863962775037,0.009415670922874292
2521,0.23257735462500542,0.7617031119860322,0.005719533388962363
2522,0.013311961495061633,0.7990213145392893,0.18766672396564896
2523,0.3890630447063024,0.5143970662744995,0.0965398890191978
2524,0.1300955713361357,0.4792181037289866,0.3906863249348775
2525,0.03981128259925246,0.8703286529515305,0.08986006444921679
2526,0.2270107009031971,0.7165101037220638,0.05647919537473912
2527,0.02911809126093397,0.20668785845971127,0.7641940502793549
2528,0.06668597783119681,0.4508125459868633,0.4825014761819402
2529,0.028070627862844776,0.19043916365685376,0.7814902084803015
2530,0.00976839120592176,0.059833378562541645,0.9303982302315363
2531,0.6189590295094829,0.2292611902471243,0.1517797802433926
2532,0.23860321922860472,0.6275894151740902,0.133807365597305
2533,0.6649693776032091,0.32316743124291386,0.011863191153877212
2534,0.00298669452142435,0.012734352638579638,0.9842789528399959
2535,0.0041508090284049,0.9309962562106305,0.0648529347609647
2536,0.11455435868685507,0.5887876232262826,0.29665801808686215
2537,0.038043408281933706,0.7639401189442584,0.19801647277380768
2538,0.007203016089928151,0.0315493473982754,0.9612476365117962
2539,0.12544941901199366,0.701214560075742,0.17333602091226458
2540,0.004362644737612851,0.9732798405770257,0.022357514685361294
2541,0.5290571133331823,0.4617510497173253,0.00919183694949249
2542,0.1697207434973566,0.8142146548460707,0.016064601656572728
2543,0.21803051324606704,0.7149824829775434,0.06698700377638946
2544,0.014195614721519104,0.9594992730315962,0.02630511224688477
2545,0.028498426859473486,0.20339646459737928,0.7681051085431471
2546,0.053983446070906924,0.9249473912224631,0.021069162706630087
2547,0.0016183588248790555,0.9524674438265749,0.04591419734854606
2548,0.0025594300642993264,0.9323787873272946,0.06506178260840592
2549,0.07636787770963405,0.5301410599616868,0.39349106232867875
2550,0.31970470448336263,0.393136090401278,0.2871592051153592
2551,0.02862024026437949,0.20424834230044828,0.7671314174351724
2552,0.09082621985268736,0.06309338004354148,0.846080400103771
2553,0.43993715515747245,0.41772809647199155,0.14233474837053592
2554,0.04635597932350594,0.9250922469816467,0.02855177369484738
2555,0.4292056850033837,0.1333677333564034,0.43742658164021314
2556,0.012613528592674308,0.46744307490410814,0.5199433965032179
2557,0.11917768733876612,0.5651041073135116,0.3157182053477222
2558,0.020285941399104123,0.068030446167788,0.9116836124331077
2559,0.015683267238045532,0.9818680936413237,0.0024486391206305024
2560,0.1654425032568058,0.5429289925526772,0.29162850419051695
2561,0.02779224375229088,0.19523715998718538,0.7769705962605234
2562,0.037257927268586115,0.7870678741446476,0.17567419858676642
2563,0.2713798067904819,0.5949728376500308,0.13364735555948706
2564,0.02524888051492908,0.9480957541350163,0.026655365350054763
2565,0.9031137778115372,0.017317563294708176,0.07956865889375463
2566,0.1394899182819322,0.4883711198583137,0.3721389618597541
2567,0.002604770996973488,0.9803155160917931,0.017079712911233714
2568,0.34400647220802105,0.6478941770195294,0.008099350772449802
2569,0.6340673583856846,0.14220862795222847,0.2237240136620867
2570,0.018619414023282037,0.9513601965421062,0.030020389434611643
2571,0.0006600710841380361,0.94212130083587,0.057218628079991965
2572,0.004676103648742869,0.9465367442154108,0.048787152135846376
2573,0.007232098321416769,0.9838286079528896,0.00893929372569382
2574,0.016324402551364112,0.06773795741945825,0.9159376400291778
2575,2.2237371958214504e-06,0.9988553722679782,0.0011424039948259722
2576,0.002148243437595698,0.06633875081595142,0.9315130057464528
2577,0.39140259305906533,0.062128818584803076,0.546468588356132
2578,0.0024851391894064713,0.9843416203993317,0.013173240411261809
2579,0.1027571546465973,0.02760084985805203,0.8696419954953507
2580,0.0067676856269567945,0.9809405062555333,0.01229180811751001
2581,0.0019119349891230976,0.9710111089139878,0.027076956096889097
2582,0.019129954572968268,0.9574126708166656,0.023457374610366205
2583,0.004234787809475547,0.9881992189991955,0.007565993191328825
2584,0.027267944336483333,0.18828804737774565,0.7844440082857709
2585,0.002932217618908462,0.9593661834699637,0.03770159891112772
2586,0.09925566283945189,0.8879683007237228,0.012776036436825235
2587,0.021537390988490748,0.9438617250210823,0.03460088399042686
2588,0.003986586044109412,0.5225745042717435,0.4734389096841469
2589,0.07960523241134163,0.23382256590510705,0.6865722016835516
2590,0.3012094290601165,0.5015561002913849,0.19723447064849847
2591,0.02980999282940494,0.9474813480904353,0.022708659080159697
2592,0.01939094869341367,0.8622709364008045,0.1183381149057818
2593,0.40704233694138414,0.5104575571758123,0.08250010588280371
2594,0.6881873242496263,0.20550172576397693,0.1063109499863969
2595,0.028445216187248736,0.4611584894750771,0.5103962943376743
2596,0.62438175693812,0.15278024679540106,0.222837996266479
2597,0.35530597909353095,0.5051352583937854,0.13955876251268393
2598,0.11392777909668117,0.47698259544725113,0.40908962545606753
2599,0.011786690764162687,0.9444606875854555,0.043752621650381775
2600,0.022633591366858222,0.16989851415648988,0.8074678944766519
2601,0.023131983196110203,0.9475767838704039,0.029291232933486056
2602,0.13422560043091084,0.24405323446014457,0.6217211651089444
2603,0.00481557470885135,0.9096580220064877,0.08552640328466073
2604,0.07852364985900989,0.21960162999103128,0.7018747201499587
2605,0.03252862738610307,0.6858110973590045,0.2816602752548922
2606,0.003925078260402706,0.9246276143776753,0.07144730736192212
2607,0.0019628978396052437,0.9734635653400202,0.02457353682037454
2608,0.0037503904762412033,0.9840193375498105,0.012230271973948294
2609,0.016380987360263156,0.7936609263306924,0.18995808630904426
2610,0.0003979094962500801,0.9771765387735509,0.022425551730199066
2611,0.02965502446666305,0.8839186608709556,0.08642631466238175
2612,0.3278526948741211,0.434597254682998,0.23755005044288105
2613,0.002330824646519576,0.9879082124372913,0.009760962916189225
2614,0.00027238262772207473,0.7120452599625015,0.28768235740977643
2615,0.04891533149339212,0.9276982726818621,0.023386395824745908
2616,0.17884170335469388,0.7602933508764491,0.06086494576885726
2617,0.03769410156546951,0.9568940234306758,0.005411875003854694
2618,0.005967157991825965,0.9113516478210836,0.08268119418709033
2619,0.5799940230762596,0.2241774346755056,0.19582854224823457
2620,0.37923662979375194,0.0862667321024323,0.534496638103816
2621,0.010098869445120015,0.9191973240801102,0.0707038064747699
2622,0.05380946432767784,0.9229890392162631,0.02320149645605909
2623,0.048513294447872515,0.9215155220072383,0.029971183544889132
2624,0.0370551958892992,0.9522724011156035,0.010672402995097004
2625,0.2995204445035087,0.06242018007379711,0.6380593754226942
2626,0.007193993164319325,0.8258411104473152,0.1669648963883652
2627,0.0376123511280857,0.48588607488497554,0.4765015739869386
2628,0.4202848401798779,0.5025541424428003,0.07716101737732187
2629,0.08724996265792889,0.0416658208024594,0.8710842165396119
2630,0.5115047262587742,0.48185002813765704,0.006645245603568708
2631,0.07495051446820697,0.8470778378373174,0.07797164769447554
2632,0.1121199759324879,0.39300827956127893,0.49487174450623295
2633,0.001900345029125194,0.8947712971844726,0.10332835778640188
2634,0.11365845164282437,0.8809329679711668,0.005408580386008754
2635,0.0034872327262970492,0.9706345043236736,0.025878262950029502
2636,0.34120237805927633,0.6516209120993157,0.0071767098414080265
2637,0.04300029593951954,0.39729289809706597,0.5597068059634143
2638,0.04178923966039084,0.9080153441446064,0.05019541619500256
2639,0.021011749217400334,0.9349916696683552,0.04399658111424436
2640,0.4183979696477496,0.5463880820537753,0.035213948298474955
2641,0.14000030880238382,0.5224190063063676,0.3375806848912486
2642,0.18034722977611756,0.5562701081677816,0.26338266205610084
2643,0.030788336727675704,0.9139727076402018,0.05523895563212258
2644,0.13751876999354973,0.8556544757766931,0.006826754229757138
2645,0.2954359753776657,0.1774697704437167,0.5270942541786179
2646,0.023088997522188327,0.9293401605832723,0.04757084189453924
2647,0.15728554996997893,0.4180287069426343,0.4246857430873869
2648,0.021400300636106935,0.730784798000579,0.247814901363314
2649,0.1368964922415134,0.32326939027873386,0.5398341174797527
2650,0.016758592422466148,0.9228656592674844,0.06037574831004936
2651,0.021411794882864238,0.9494501854604145,0.029138019656721383
2652,0.17024614236216873,0.5172764907927413,0.3124773668450899
2653,0.4579469843746815,0.5125931881530216,0.029459827472297088
2654,0.3740800858049206,0.44280918993382967,0.1831107242612499
2655,0.23693440334697388,0.7497160138265,0.013349582826526341
2656,0.9832806893871627,0.013424997971509008,0.003294312641328349
2657,0.003338626438902579,0.9888384425913769,0.007822930969720606
2658,0.004490445359636358,0.7851502755617351,0.21035927907862878
2659,0.00035062581200319615,0.9786162082463732,0.021033165941623393
2660,0.2846585508866198,0.43423369531561173,0.28110775379776826
2661,0.017885692551841977,0.062304879066803556,0.9198094283813544
2662,0.04322970143033554,0.9479055601799764,0.008864738389688345
2663,0.046770794405957924,0.7550696552171827,0.19815955037685973
2664,0.14432204358357612,0.6634444141267147,0.19223354228970935
2665,0.10287683246641964,0.6577243218526537,0.2393988456809267
2666,0.04665381942702032,0.9484919079890215,0.004854272583958201
2667,0.48116761557239934,0.13501743481717607,0.38381494961042484
2668,0.47684190277957367,0.25147368683743726,0.27168441038298924
2669,0.04815606935272699,0.8362012188429924,0.11564271180428054
2670,0.8609706438082997,0.13293915307642457,0.00609020311527585
2671,0.13296547384326862,0.8321837011839386,0.034850824972792724
2672,0.0823756218799939,0.31154472405279315,0.6060796540672125
2673,0.00817337841218389,0.9753125682034002,0.016514053384416024
2674,0.10430304550437154,0.7298484560602874,0.1658484984353411
2675,0.23303059942388266,0.5514718185289696,0.21549758204714758
2676,0.043272307551286006,0.9163391639205433,0.040388528528170375
2677,0.028503171650345868,0.20311967575218356,0.7683771525974706
2678,0.042808120313235436,0.07586873175581345,0.8813231479309512
2679,0.010126001812700253,0.969562907556681,0.020311090630618856
2680,0.6514789379458319,0.2757300373628487,0.07279102469131939
2681,0.15767735365698254,0.37323205589931524,0.4690905904437022
2682,0.16276175888236238,0.7037240393527234,0.13351420176491396
2683,0.30116566002797485,0.45200756268995373,0.24682677728207125
2684,0.06368708804274777,0.2674218024616845,0.6688911094955677
2685,0.5164429476056055,0.05951365765787518,0.4240433947365194
2686,0.02951716894590282,0.019611146391790908,0.9508716846623063
2687,0.0937317539167939,0.6128092669216592,0.2934589791615469
2688,0.0019093995767963002,0.9916630885047196,0.006427511918484264
2689,0.16796313045592157,0.7997989576025354,0.03223791194154307
2690,0.004332617458845063,0.12827314837354611,0.867394234167609
2691,0.02477228962490505,0.929657502071088,0.04557020830400692
2692,0.16611398605177918,0.6108476662798598,0.22303834766836067
2693,0.19564064240291096,0.5627415798665026,0.24161777773058643
2694,0.005554131197139802,0.9498842193372655,0.044561649465594835
2695,0.010403026954855406,0.9876039626286867,0.001993010416457776
2696,0.2505447157338483,0.729792034584003,0.019663249682148786
2697,0.9673418611815391,0.006685254527688642,0.02597288429077251
2698,0.21094751944227888,0.5285253492140679,0.26052713134365324
2699,0.4134943630306475,0.444542296574577,0.14196334039477546
2700,0.31548343990400735,0.46414870009760234,0.22036785999839012
2701,0.7554185702468258,0.1846055606982454,0.059975869054928806
2702,0.026792817664406724,0.8336737399867105,0.13953344234888296
2704,0.007271442209587985,0.9678303651800996,0.02489819261031214
2705,0.018898740569672678,0.8244729270283504,0.15662833240197696
2706,0.018778995397696657,0.8707574803371199,0.11046352426518347
2707,0.005265699306132725,0.9667073044884841,0.028026996205383133
2708,0.2081153476531546,0.024912467428701665,0.7669721849181439
2709,0.24692034186895295,0.5614757129056307,0.19160394522541616
2710,0.009492224109930043,0.9633779838967593,0.02712979199331047
2711,0.038308239254384514,0.07902578763151936,0.8826659731140964
2712,0.0038425453213477034,0.8018917291336886,0.19426572554496366
2713,0.018651356957063294,0.9550145769050435,0.026334066137893044
2714,0.20707147416501234,0.4334200565152157,0.35950846931977215
2715,0.0030477573137150105,0.9672398612090237,0.029712381477261348
2716,0.0063246781155374176,0.9540890631383229,0.03958625874613991
2717,0.9638208492716598,0.016497566139147726,0.019681584589192447
2718,0.005148920328338122,0.5637519307493517,0.43109914892231027
2719,0.013489189951154815,0.924446794769582,0.06206401527926275
2720,0.02660394865442889,0.8349574475163505,0.13843860382922044
2721,0.2809202065866,0.5993964401335897,0.11968335327981049
2722,0.0022564737089566388,0.9812438889275439,0.016499637363499593
2723,0.2566189494636965,0.060222156494682905,0.6831588940416207
2724,0.9968450379912492,0.0006209817186341771,0.002533980290116432
2725,0.024870149452790553,0.08260394540145465,0.8925259051457549
2726,0.22972016032293976,0.5973350178698428,0.1729448218072175
2727,0.008448399368852668,0.9447267461079972,0.04682485452315014
2729,0.16001281772931514,0.8063799702707392,0.03360721199994556
2730,0.16645149606250856,0.47269910420273,0.3608493997347615
2731,0.21832218212360055,0.4979668810797422,0.2837109367966573
2732,0.2017700205000656,0.6475509951308267,0.1506789843691077
2733,0.010574749726334768,0.21372484366953748,0.7757004066041278
2734,0.20172562643420908,0.21505670036614913,0.5832176731996415
2735,0.7306001395826878,0.2645668663240142,0.004832994093298075
2736,0.003009856346092642,0.8798561307195151,0.11713401293439227
2737,0.03335306741744145,0.8900225976226248,0.07662433495993379
2738,0.004812776723792868,0.9440449338030896,0.05114228947311748
2739,0.4268536822622837,0.15117140522742864,0.4219749125102876
2740,0.12021989056562653,0.5156195752119517,0.36416053422242184
2741,0.0214066855243757,0.9738468985043129,0.004746415971311122
2742,0.003899405885464231,0.947416574164362,0.04868401995017378
2743,0.0035777257997656807,0.9738548433369053,0.022567430863328936
2744,0.9142468289648533,0.05901952831263949,0.026733642722507337
2745,0.4211316117617619,0.17924189350053032,0.3996264947377077
2746,0.2278808127340103,0.7536339083941501,0.018485278871839685
2747,0.014758268181030796,0.9767363104131898,0.008505421405779243
2748,0.20134640515954588,0.6868653741184775,0.11178822072197694
2749,0.022859029782418817,0.8760782226192727,0.10106274759830866
2750,0.02429730469566156,0.2593048705787316,0.716397824725607
2751,4.984030798850658e-05,0.992382418587562,0.007567741104449455
2752,0.7251034513679929,0.25132752132601643,0.02356902730599061
2753,0.09697037342153747,0.85353278200948,0.04949684456898259
2754,0.09092273639826827,0.8223190947289389,0.086758168872793
2755,0.0009316881276712279,0.9642885825455895,0.0347797293267394
2756,0.004671999689509863,0.985235568562524,0.010092431747965981
2757,0.14415824232534716,0.8225394749172712,0.033302282757381896
2758,0.1581372520727604,0.615292404613609,0.22657034331363074
2759,0.09019485475524164,0.8883522125629837,0.021452932681774874
2760,0.007681633685661962,0.9303716999737711,0.06194666634056718
2762,0.04029865190062232,0.7392916337631603,0.22040971433621737
2763,0.311231500028049,0.6832153578614271,0.005553142110524132
2764,0.15347324472626955,0.41614741245753406,0.4303793428161964
2765,0.1253247314223739,0.07530364694846146,0.7993716216291648
2766,0.10689840871807094,0.3593851571501413,0.5337164341317874
2767,0.025889074364749687,0.9626352384703584,0.01147568716489175
2768,0.4356015466366057,0.5199506020191164,0.044447851344277985
2769,0.23410762734663132,0.7423356185972674,0.02355675405610099
2770,0.008090120004449988,0.8679098777618331,0.12400000223371697
2771,0.03496868370462258,0.5802528918102619,0.3847784244851156
2772,0.1948494009629617,0.046082885821399425,0.7590677132156388
2773,0.22635971311037104,0.12519074991752635,0.6484495369721027
2774,0.23151888687241046,0.7165720605310626,0.05190905259652669
2775,0.033624118838082515,0.9330439065604824,0.03333197460143535
2776,0.007607306517849898,0.9313629696528629,0.06102972382928715
2777,0.14586447250699316,0.6833782689006834,0.17075725859232357
2778,0.3679442854827658,0.36235789427646925,0.2696978202407645
2779,0.006421861854548779,0.9799375907855044,0.013640547359947046
2780,0.12527477685700972,0.4136717649530869,0.46105345818990295
2781,0.28444382270911195,0.4524304553520214,0.26312572193886713
2782,0.2687940193474622,0.17475924559327305,0.556446735059265
2783,0.40711508102784394,0.3399251920786448,0.25295972689351137
2784,0.11366586329286203,0.6668804907750672,0.21945364593207078
2785,0.48516331460265794,0.5024166578550928,0.012420027542249279
2786,0.9503792775461122,0.03402192421104133,0.015598798242846422
2787,0.007147104983397801,0.9636978430799836,0.029155051936618714
2788,0.2498365166205203,0.1665215550547757,0.5836419283247041
2789,0.05305578674719255,0.6666932692450479,0.280250944007759
2790,0.016442393824668777,0.9581222546700332,0.025435351505298225
2791,0.006058090400893049,0.9851837053156347,0.008758204283472088
2792,0.8012146052993069,0.19699310794917363,0.0017922867515195106
2793,0.05098518001079743,0.3441122303651012,0.6049025896241014
2794,0.829475903912689,0.011502604135020567,0.15902149195229043
2795,0.0009988213490714935,0.1449631812307363,0.8540379974201926
2796,0.0024496541848248255,0.871203032554963,0.12634731326021215
2797,0.0021561245870884067,0.9795202452351439,0.018323630177767627
2798,0.06086912209996907,0.9206629504836438,0.01846792741638694
2799,0.018073862463054542,0.9634125928973223,0.01851354463962325
2800,0.02528433719464127,0.9483029778807686,0.026412684924590157
2801,0.24088154580651855,0.7263406345446378,0.03277781964884382
2802,0.004197582590752018,0.9466444009415096,0.049158016467738444
2803,0.14101686856646348,0.20355402962423547,0.6554291018093009
2805,0.006671938558829844,0.9782913998471917,0.01503666159397854
2806,0.2837537390155028,0.5383390799232471,0.17790718106124995
2807,0.9684723983408247,0.020806017547198748,0.010721584111976544
2808,0.060077964015374984,0.8869495479481456,0.0529724880364796
2809,0.03917896912652228,0.9573124387169792,0.003508592156498511
2810,0.015544564350577328,0.8232603599813891,0.16119507566803354
2811,0.018211160310226255,0.12725764760270467,0.8545311920870686
2812,0.2033489790159495,0.71872548554249,0.07792553544156028
2813,0.028117295207125047,0.20026056627567745,0.7716221385171973
2814,0.00885158703855901,0.49497558011165294,0.496172832849788
2815,0.007946643667640071,0.9852253471646657,0.0068280091676943735
2816,0.0001979553486709369,0.9843057435508374,0.015496301100491838
2817,0.8074573497009164,0.19144412569818148,0.0010985246009021113
2818,0.0021751982735138584,0.9857163154295384,0.012108486296947779
2819,0.1292796711776645,0.8619427738364266,0.008777554985909002
2820,0.6498302201396166,0.3419239930496203,0.008245786810763009
2821,0.34138124231422673,0.6567573061255301,0.001861451560243429
2822,0.003077187463364298,0.9874515560182987,0.00947125651833707
2823,0.0279218729506148,0.9013398090562758,0.07073831799310948
2824,0.07761890914397053,0.08990086538356842,0.8324802254724608
2825,0.02732215463302503,0.1868750868456465,0.7858027585213284
2826,0.0526326395438312,0.24683929740087415,0.7005280630552946
2827,0.005775047654436359,0.9649219670483096,0.02930298529725396
2828,0.10288266081572806,0.6372310496661127,0.2598862895181591
2829,0.05358384852426026,0.8159453887913517,0.13047076268438784
2830,0.03017208452393065,0.7871856126619997,0.18264230281406954
2831,0.02947703813220465,0.9487134775207803,0.02180948434701494
2832,0.06537347326198208,0.8439234572499984,0.09070306948801955
2833,0.31598578618259326,0.3358122295672474,0.34820198425015925
2834,0.004617488826129885,0.9157261838128459,0.0796563273610242
2835,0.44002308476847063,0.4180879290272095,0.14188898620431986
2836,0.3259293699017493,0.05339659577354306,0.6206740343247079
2837,0.0012592127536219895,0.9468257567975762,0.051915030448801705
2838,0.02893489595235307,0.2070649235274581,0.7640001805201889
2839,0.027439331363447485,0.8635980985328056,0.10896257010374706
2840,0.02694768031267186,0.966238285203752,0.006814034483576318
2841,0.007867290981875235,0.976543761108601,0.01558894790952372
2842,0.3020539654862493,0.6738395518925652,0.02410648262118556
2843,0.008744251809421563,0.9314295495683795,0.059826198622198956
2844,0.05006762850378751,0.9354417759630673,0.014490595533145086
2845,0.06137522894388614,0.9043581302409529,0.03426664081516089
2846,0.414595797063789,0.5095772359532051,0.07582696698300584
2847,0.0395947992065181,0.04610167265051568,0.9143035281429663
2848,0.3505057597313738,0.6436960422012891,0.005798198067336789
2849,0.10403601050996408,0.8843728679771488,0.01159112151288706
2850,0.0410792783138087,0.9194282796701646,0.03949244201602653
2851,0.006057923220995233,0.9677546859266184,0.026187390852386357
2852,0.047140345461251114,0.8920382256937509,0.060821428844997916
2853,0.043854823536631414,0.8891104293219954,0.06703474714137304
2854,0.05011084927219231,0.7830292013545868,0.16685994937322093
2855,0.8974019314478694,0.09970089209639321,0.002897176455737335
2856,0.07664199204986008,0.5192004887280919,0.40415751922204796
2857,0.0823905360711766,0.8243817848230036,0.09322767910581997
2858,0.0842143032983342,0.8148518276163674,0.10093386908529853
2859,0.029288600715402884,0.9427284598473047,0.027982939437292353
2860,0.15725365068043917,0.12884111442536345,0.7139052348941974
2861,3.978215086657332e-06,0.998465987202668,0.001530034582245342
2862,0.8857625308697847,0.07043950627521614,0.04379796285499892
2863,0.43374391430213216,0.5532034902985308,0.013052595399336779
2864,0.004426752320767679,0.95964707906996,0.03592616860927239
2865,0.026462418966592717,0.7210573074831115,0.2524802735502959
2866,0.0013227737315056989,0.9845021000079337,0.014175126260560602
2867,0.07330381002414034,0.6705459160152853,0.25615027396057416
2868,0.0030111759968488123,0.9631216242254149,0.033867199777735994
2869,0.03770321847522685,0.018854140931587198,0.9434426405931859
2870,0.09910284808496037,0.2618179491953707,0.6390792027196688
2871,0.07401835455221362,0.9030992859933029,0.022882359454483775
2872,0.5901738161771057,0.37777747085422786,0.03204871296866617
2873,0.05796315161852389,0.8753243564587045,0.0667124919227712
2874,0.004912719317794769,0.9544972214467592,0.04059005923544598
2875,0.35825372726451526,0.4559491029201779,0.18579716981530667
2876,0.009532883213208703,0.8978629675928721,0.09260414919391918
2878,0.16307928597412763,0.49632496021892286,0.3405957538069493
2879,0.25924636150700064,0.6434619517670371,0.09729168672596222
2880,0.007618375291612954,0.6002176841017749,0.39216394060661225
2881,8.13024967765692e-06,0.9969723467609216,0.0030195229894006254
2882,0.13374900501325715,0.33080075840621226,0.5354502365805305
2883,0.01960175425858955,0.26191417817424806,0.7184840675671624
2884,0.5749665665568817,0.34675689164087087,0.07827654180224732
2885,0.09299755186297096,0.6182552208591027,0.2887472272779262
2886,0.06074055621975126,0.8782059882702274,0.061053455510021205
2887,0.02411854299923723,0.9652315301822187,0.01064992681854395
2888,0.006949807689711444,0.9372334031677417,0.05581678914254682
2889,0.1455929006750079,0.0206864108376311,0.8337206884873608
2890,0.20110546878702992,0.4771175223342578,0.3217770088787123
2891,0.006180484586370847,0.2167770474487085,0.7770424679649207
2892,0.0692926736056462,0.5959542043971474,0.3347531219972062
2893,0.0044581432263065875,0.964535587031398,0.03100626974229548
2894,0.014446759282002727,0.006861144153730028,0.9786920965642674
2895,0.06339048131926327,0.01744249067663355,0.9191670280041031
2896,0.8396716380186959,0.03628856331682147,0.12403979866448267
2897,0.9646599977132548,0.023207700507850072,0.012132301778894985
2898,0.8144445992350544,0.16125637453823424,0.024299026226711238
2899,0.04486032339171998,0.15248562357758952,0.8026540530306904
2900,0.02683105209788482,0.0958226968427598,0.8773462510593556
2901,0.016178015127801305,0.4669235454724685,0.5168984393997305
2902,0.037813138662881836,0.8305421919975147,0.13164466933960334
2903,0.06088384725535164,0.11952559169191815,0.8195905610527303
2904,0.029851669000268515,0.9494264329175996,0.020721898082131818
2905,0.017252251000607337,0.9703506610521788,0.01239708794721379
2906,0.000750076116870873,0.9681455014523017,0.031104422430827436
2907,0.022265719933023512,0.9746103712728793,0.003123908794097172
2908,0.007056996089418466,0.9633759532215702,0.029567050689011245
2909,0.014477843391827007,0.9752645912792477,0.010257565328925492
2910,0.005588306428887666,0.022045019861025007,0.9723666737100874
2911,0.010965960474796746,0.9769908601559839,0.012043179369219278
2912,0.07039193142956543,0.7931235120682182,0.13648455650221653
2913,0.6938788532216462,0.016044733279677658,0.29007641349867613
2914,0.16373768696951516,0.5235652573672412,0.3126970556632436
2915,0.11548846397192027,0.5333710573732935,0.3511404786547859
2916,0.03833264483627891,0.01742199630147319,0.9442453588622481
2917,0.0005493398077041605,0.9504006474927198,0.049050012699575846
2918,0.07436542269468897,0.6670171854484264,0.25861739185688454
2919,0.023569936886804786,0.2249353593317824,0.7514947037814127
2920,0.048750286109864024,0.6045102213599681,0.3467394925301678
2921,0.048669265516934485,0.3133891290703133,0.6379416054127522
2922,0.17901858747818464,0.4323402879989282,0.3886411245228872
2923,0.40124700465983726,0.038588139875463494,0.5601648554646993
2924,0.023478377038053437,0.9122911382075085,0.0642304847544379
2925,0.005939311481419052,0.9837699770313706,0.010290711487210438
2926,0.9897140622670433,0.006333449533332091,0.003952488199624596
2927,0.4364253353934656,0.5166711060701609,0.0469035585363735
2928,0.12245666687126291,0.4872918538073897,0.39025147932134735
2929,0.006039123049516042,0.9713095693244579,0.02265130762602598
2930,0.31419028675687255,0.5707153873478419,0.11509432589528525
2931,0.6462486804808983,0.3473954313364578,0.006355888182644006
2932,0.5724203965752305,0.4238144948174794,0.0037651086072902364
2933,0.00683478755826773,0.9879446322618771,0.0052205801798551575
2934,0.7148386223842875,0.19600046657056822,0.08916091104514466
2935,0.01066221938890633,0.9828551448620357,0.006482635749058004
2936,0.6787468689755021,0.3042634288581283,0.016989702166369833
2937,0.03679110084555411,0.7570381913628401,0.2061707077916058
2938,0.02744172069416937,0.23490392213689684,0.7376543571689336
2939,0.018207317462509937,0.972406100849906,0.00938658168758408
2940,0.2676033912462246,0.47927118486412784,0.2531254238896474
2941,0.3141682130621136,0.35565536932505387,0.3301764176128325
2942,0.0017371967653954116,0.8607865335800412,0.13747626965456344
2943,0.18145683203064786,0.5465649710774974,0.27197819689185493
2944,0.23103482176973172,0.712743779889734,0.056221398340534134
2945,0.020241035140957583,0.8936800952678763,0.08607886959116605
2946,0.04028852079669743,0.9433288999698451,0.01638257923345722
2947,0.7879253265648608,0.12477021577971555,0.08730445765542379
2948,0.01320133001065988,0.968581683886224,0.01821698610311621
2949,0.3631711840469564,0.05925563757270208,0.5775731783803417
2950,0.001322167813252748,0.9948409265044487,0.003836905682298368
2952,0.019690989477286914,0.967617693428392,0.012691317094321157
2953,0.003813768357951115,0.938843796209937,0.05734243543211194
2954,0.19124120260028438,0.48457908211748285,0.32417971528223277
2955,0.006078247140474185,0.3177197434476489,0.6762020094118766
2956,0.3178775030480806,0.6113177044130442,0.07080479253887534
2957,0.1298221102572464,0.40953652841428595,0.46064136132846717
2958,0.24984614972633176,0.6167674624975572,0.13338638777611098
2959,0.01694253970954734,0.7346305993588753,0.24842686093157726
2960,0.6015419850784322,0.3611022152223136,0.037355799699254184
2961,0.035052392597443964,0.9490697425310901,0.015877864871465985
2962,0.1348370315731057,0.8082220589556174,0.056940909471276786
2963,0.018613972148172665,0.9180396121117917,0.0633464157400357
2964,0.04614960890238318,0.926531391098611,0.02731899999900577
2966,0.20322620883201034,0.2192233234609271,0.5775504677070626
2967,0.07406212349473523,0.08742250196834067,0.8385153745369242
2968,0.010821648151070918,0.09330741357293873,0.8958709382759903
2969,0.2551235151605041,0.6408576210347885,0.1040188638047073
2970,0.026125669310800948,0.8559979802869789,0.11787635040222011
2971,0.6394739040263638,0.3593889364296659,0.001137159543970145
2972,0.01380805815083593,0.9764129234001456,0.009779018449018176
2973,0.005246795999177024,0.9571204509616514,0.037632753039171636
2974,0.006289842236678012,0.9736526596340181,0.020057498129303814
2975,0.807329340845565,0.1857509814466416,0.006919677707793132
2976,0.2534049763663634,0.5215019197594233,0.2250931038742132
2977,0.014180501090795997,0.979951984403946,0.005867514505257858
2978,0.8249763970692555,0.018867951716997573,0.15615565121374692
2979,0.06961530531080898,0.8013930192899894,0.12899167539920184
2980,0.1196214598521515,0.779321781557759,0.10105675859008983
2981,0.03427537918314335,0.7313261718037508,0.23439844901310594
2982,0.005017143273936196,0.972343342196433,0.022639514529630894
2983,0.00047944952428356774,0.9749804240731879,0.024540126402528603
2984,0.7409027992646406,0.24957253021665665,0.009524670518702785
2985,0.047549772989433144,0.08232024443779104,0.870129982572776
2986,0.09528124252082491,0.5596612031777422,0.3450575543014328
2987,0.005894383115435054,0.8625195128564817,0.1315861040280833
2988,0.6169228407513173,0.3636930451387239,0.019384114109958994
2989,0.0030283506246865533,0.9883689145590933,0.008602734816220176
2990,0.01772442742255548,0.8031179601967,0.17915761238074435
2991,0.007267589389102438,0.934602845618019,0.058129564992878704
2992,0.24443607972628478,0.2539315961580511,0.5016323241156642
2993,0.02811294382879865,0.9509582851098396,0.020928771061361765
2994,0.010719103236499064,0.5623989552612021,0.42688194150229863
2995,0.003339145301367407,0.8661767596777966,0.1304840950208359
2996,0.017862741527997245,0.9744979687304042,0.007639289741598722
2997,0.005372010974538827,0.9610750536999458,0.033552935325515176
2998,0.00195850165635546,0.8825171236950102,0.11552437464863426
2999,0.016954407801671217,0.9577055248825631,0.025340067315765557
3000,0.0019919463123561497,0.99424840389808,0.003759649789563897
3001,0.10533417383516748,0.8595113973629153,0.035154428801917006
3002,0.4768253491112045,0.5046728198715102,0.018501831017285194
3003,0.11813369748775272,0.23344959272145785,0.6484167097907894
3004,0.031176419906963605,0.961730270966067,0.007093309126969627
3005,0.725007600270086,0.019831439952046306,0.2551609597778678
3006,0.3958587980763715,0.5106788070586289,0.0934623948649995
3007,0.0814014707282643,0.3114944679910245,0.607104061280711
3008,0.012598439933286102,0.12032283957964182,0.8670787204870718
3009,0.8831560551133582,0.1113332047480206,0.005510740138621265
3010,0.008427242666723745,0.9183732182337959,0.07319953909948022
3011,0.13307158640411057,0.09471675367447034,0.772211659921419
3012,0.010072578468913195,0.9504136698605133,0.03951375167057364
3013,0.007254898698205018,0.983347806724972,0.009397294576822963
3014,0.004820685579484388,0.023194501752872763,0.9719848126676427
3015,0.19560525986218558,0.1384644644323763,0.6659302757054381
3016,0.12315203539179191,0.8693941009489924,0.007453863659215687
3017,0.07620603173043276,0.1889838651871766,0.7348101030823905
3018,0.05245822331662735,0.7470229895675478,0.20051878711582466
3019,0.16289590627274256,0.7975737523381665,0.039530341389090874
3020,0.3297572760212151,0.5551802800968724,0.11506244388191245
3021,0.009616932663465902,0.9789735924278039,0.011409474908730058
3022,0.08524380425718005,0.9092063055449766,0.005549890197843373
3023,0.005452723526009125,0.9874862481167016,0.007061028357289189
3024,0.07694485750011086,0.9125940650936338,0.01046107740625519
3025,0.2906128836851311,0.24629371083306917,0.4630934054817996
3026,0.863689944719918,0.01637198361214246,0.11993807166793947
3027,2.499094008889926e-05,0.9950743321326396,0.004900676927271498
3028,0.00025762789273223706,0.9817841208669621,0.01795825124030555
3029,0.0819515354178537,0.1986226284624712,0.7194258361196749
3030,0.09528585911069579,0.5904326368079833,0.31428150408132055
3031,0.0006539474666679507,0.9704451642562442,0.02890088827708799
3032,0.07792547349118457,0.8855678872377681,0.03650663927104741
3033,0.9531450005753325,0.025630722986006788,0.021224276438660768
3034,0.0061468133937660095,0.9142369302027035,0.07961625640353026
3035,0.11546451255033276,0.7677353216593973,0.11680016579026997
3036,0.8910364385399204,0.09613436573691203,0.012829195723167498
3037,0.03304350884330816,0.15640187156042049,0.8105546195962715
3038,0.0036648561870173835,0.9605288727003859,0.03580627111259679
3039,0.008024301477230263,0.9492268589670081,0.042748839555761746
3040,0.2380129759540891,0.4835613153281943,0.2784257087177166
3041,0.09955354690094084,0.031145505883088877,0.8693009472159704
3042,0.11952155769418481,0.7779892271987512,0.10248921510706391
3043,0.020897375865059294,0.9656810784270944,0.013421545707846061
3044,0.004988108826787106,0.5194224845085231,0.4755894066646894
3045,0.27926837406600624,0.37850385083663296,0.34222777509736074
3046,0.0038437588624210994,0.9890036616750196,0.007152579462559362
3047,0.06351926998140817,0.8872148038730397,0.049265926145552266
3048,0.4417910386820477,0.5538022161029041,0.004406745215048141
3049,0.0023853413238236706,0.9665910363427298,0.031023622333446514
3050,0.000944975690731422,0.9526605854732404,0.04639443883602835
3051,0.005287222511896332,0.8816222257781019,0.11309055171000185
3052,0.022179164251256392,0.8585665207813007,0.11925431496744285
3053,0.009985492570122283,0.16251299028173016,0.8275015171481476
3054,0.11157538090731325,0.5605926358704426,0.3278319832222439
3055,0.0006203192293175775,0.9713262009746775,0.028053479796005004
3056,0.250063486596244,0.31958141689663655,0.4303550965071194
3057,0.018423918327502,0.9567306455908934,0.024845436081604413
3058,0.016570793509653046,0.9611453949397945,0.022283811550552615
3059,0.19689951745755052,0.569446379802568,0.23365410273988135
3060,0.03277758021667567,0.9481686921493694,0.019053727633954787
3061,0.17055783956499526,0.7433176064762235,0.0861245539587811
3062,0.00410859893328081,0.9768772999854171,0.01901410108130182
3063,0.012404514151880206,0.7559368614246849,0.23165862442343477
3064,0.03613008791437476,0.9539664784194584,0.009903433666166589
3065,0.0271603605528478,0.49785968520369106,0.4749799542434609
3066,0.004189284785801333,0.8721837063672434,0.12362700884695521
3067,0.3573144477290871,0.4851336638601966,0.15755188841071618
3068,0.4409048300253018,0.4224327767786867,0.1366623931960114
3069,0.1010017999507787,0.8826468734032631,0.016351326645958317
3070,0.0034988535508851926,0.9784325346432896,0.018068611805825384
3071,0.0043081728924989505,0.911699056854777,0.08399277025272409
3072,0.4419635514588611,0.30480085703993354,0.25323559150120534
3073,0.24461153774812458,0.4412531619309297,0.31413530032094594
3074,0.014604277527045144,0.19511454338468667,0.7902811790882682
3075,0.20567832223044324,0.636049291760526,0.15827238600903057
3076,0.0022258995602427714,0.9827047580655417,0.015069342374215597
3077,0.6641737542349919,0.33504170679574374,0.0007845389692643842
3078,0.2136125340894557,0.7399199503598748,0.046467515550669344
3079,0.0026571287931689497,0.8895030619762313,0.10783980923059976
3080,0.02410426401828994,0.9273570824882225,0.048538653493487516
3081,0.6176002169178523,0.10330908823388488,0.2790906948482628
3082,0.009202672671195344,0.9204589877229546,0.07033833960584984
3083,0.0030963014283007517,0.9798977600163046,0.017005938555394645
3084,0.04582878149948903,0.9191306555368731,0.035040562963637535
3085,0.3993094004144806,0.598566101992106,0.0021244975934134247
3086,0.385209983166098,0.5702642155572307,0.044525801276671495
3087,0.24725507626994292,0.586425273231711,0.16631965049834577
3088,0.0876438630224705,0.8781033352559752,0.034252801721554385
3089,0.009914785595546555,0.9715897251488694,0.018495489255584068
3090,0.019174787477304934,0.1379574194847083,0.8428677930379868
3091,0.25596113343197285,0.2027263028274754,0.5413125637405516
3092,0.020539843852837917,0.9678505180135532,0.011609638133609235
3093,0.07126292732947635,0.39703832150972285,0.5316987511608009
3094,0.7327380362180532,0.018020058924941264,0.24924190485700523
3095,0.004533733474183113,0.9855843187628883,0.009881947762928656
3096,0.09398197942605072,0.1506014746664601,0.7554165459074894
3097,0.9452065340888475,0.04904205344637036,0.005751412464782312
3098,0.018051513409953007,0.8431215956128782,0.13882689097716874
3099,0.3305826971507763,0.157937314765461,0.5114799880837627
3100,0.013929554467736454,0.7728228927756298,0.2132475527566336
3101,0.0025857677956535674,0.992366111797418,0.005048120406928537
3102,5.6550528366984624e-05,0.9917789604971661,0.008164488974467008
3103,0.015873322181634904,0.9202694672893164,0.06385721052904862
3104,0.04637250232239471,0.43790291737237097,0.515724580305234
3105,1.4236955733221246e-05,0.9963759645638545,0.003609798480412509
3106,0.12948500926594314,0.14402610264249452,0.7264888880915621
3108,0.05582862078729191,0.5975580746643488,0.34661330454835926
3109,0.02304237819879977,0.1680520340648326,0.8089055877363676
3110,0.28948452384982326,0.36165502411434036,0.3488604520358361
3111,0.4103601295783636,0.4518218920135341,0.13781797840810212
3112,0.00941535732129795,0.9826655257971535,0.007919116881548598
3113,0.5666421056708443,0.43138086583674673,0.001977028492409061
3114,0.07681963629414773,0.8646617498541279,0.0585186138517244
3115,0.009444026767104076,0.9744872154998343,0.016068757733061618
3116,0.00633209529161293,0.07599974734421987,0.9176681573641672
3117,0.006159645228317482,0.8980243102352431,0.09581604453643956
3118,0.016020095657447515,0.9632914518716952,0.020688452470857526
3119,0.1919545696563522,0.016891249001189556,0.7911541813424584
3120,0.007372202260932367,0.9870230416510848,0.005604756087982816
3121,0.29311798255014304,0.7039073515341231,0.0029746659157340984
3122,0.27978650957019574,0.5269549719943118,0.19325851843549272
3123,0.04526135520327893,0.9515868905605518,0.003151754236169441
3124,0.7488026148234888,0.14691290813671834,0.10428447703979285
3125,0.03843285611225596,0.9435790759406393,0.01798806794710447
3126,0.06259382920558897,0.8973666968372613,0.040039473957149845
3127,0.9856307112927387,0.006466839494940464,0.007902449212320996
3128,0.05048442951460492,0.8459988339540361,0.10351673653135894
3129,0.013857127434670791,0.9796654533492106,0.006477419216118655
3130,0.22421158265660898,0.6306327564180948,0.1451556609252963
3131,0.06229660827893141,0.9254280726877934,0.01227531903327497
3132,0.009280454814724842,0.9667026265381923,0.024016918647082948
3133,0.1704496442720591,0.10553059374482714,0.7240197619831138
3134,0.7518506248444696,0.09726294392680991,0.15088643122872075
3135,0.058316443451165684,0.7540180975324833,0.18766545901635104
3136,0.12149321649369987,0.8319259124973991,0.046580871008900904
3137,0.07454778545523025,0.7222731325779524,0.2031790819668174
3138,0.05938026929939684,0.9188348181224614,0.02178491257814153
3139,0.42938336820669337,0.2577121363989888,0.3129044953943175
3140,0.7550709448645788,0.23441585262433906,0.01051320251108189
3141,0.04940199967483535,0.26632198566665927,0.6842760146585053
3142,0.07093883535071115,0.7958810439809211,0.13318012066836787
3143,0.12722183350120542,0.5933127937312013,0.27946537276759303
3144,0.06171741418469041,0.8445471720640909,0.09373541375121854
3145,0.34404264061596745,0.5964507601683612,0.0595065992156714
3146,0.10176135908622248,0.8496529481779751,0.048585692735802245
3147,0.112017014737759,0.8719318274516507,0.0160511578105903
3148,0.17636504489942548,0.8194758570833905,0.004159098017183985
3149,0.20407711999245318,0.526500002667065,0.26942287734048215
3150,0.19848528190630924,0.639777180732753,0.161737537360938
3151,0.5429273750306401,0.4519930861724908,0.005079538796869133
3152,0.4489488281804928,0.14635493229155955,0.4046962395279474
3153,0.034967994158020474,0.7632705827836432,0.2017614230583357
3154,0.0027193736191369377,0.9651196843647177,0.03216094201614514
3155,0.011537888226907973,0.5792547698053765,0.40920734196771497
3156,0.0025175485570834637,0.9725501646193984,0.02493228682351784
3157,0.11749030610214428,0.6537361931110304,0.22877350078682546
3158,0.08601117026632595,0.8973074571128872,0.016681372620786984
3159,0.0510458251484535,0.44004834706567864,0.5089058277858678
3160,0.08057399387500835,0.10764904957586781,0.8117769565491236
3161,0.05750180793796339,0.3080604742642132,0.6344377177978235
3162,0.021020531566398794,0.09510777302081692,0.883871695412784
3163,0.006686599373462891,0.07814258813549198,0.9151708124910451
3164,0.014920046487811514,0.9760800727208927,0.008999880791295886
3165,0.8591604183772574,0.09453226994112784,0.04630731168161459
3166,0.1528266571452179,0.4140329047025071,0.4331404381522752
3167,0.008102985058355543,0.9763210271070308,0.015575987834613673
3168,0.02240358291033456,0.9045880359160774,0.07300838117358793
3169,0.3912985488497576,0.33505178506596234,0.2736496660842799
3170,0.005062181480924307,0.8479343110828161,0.14700350743625978
3171,0.03851485190380163,0.20600441453796342,0.7554807335582348
3172,0.189480514537559,0.746049611875562,0.06446987358687892
3173,0.010436735446639747,0.9740515011669887,0.015511763386371454
3174,4.472938905542342e-05,0.9930887289352736,0.006866541675670864
3175,0.02912303922612516,0.8310937761817795,0.1397831845920955
3176,0.013997053393406891,0.9597846159528638,0.026218330653729006
3177,0.7784965054244176,0.21722912813830822,0.004274366437274092
3178,0.4318892585993528,0.537367352354251,0.030743389046396244
3179,0.034595613032065244,0.01742689350639669,0.947977493461538
3180,0.02182925805748348,0.9269495786041257,0.05122116333839087
3181,0.6654861706073925,0.3216618043001565,0.012852025092450942
3182,0.08569457876081453,0.8991325918531298,0.015172829386055802
3183,0.011595372478609912,0.9849683647638464,0.003436262757543802
3184,0.004702113733913835,0.9792982114354779,0.015999674830608226
3185,0.06292365966703935,0.7565830210709745,0.18049331926198597
3186,0.38727201334994343,0.43397434798609563,0.17875363866396085
3187,0.36015104143652926,0.35478335726923793,0.2850656012942329
3188,0.24928759237739065,0.6577040457244367,0.09300836189817255
3189,0.030283755903365503,0.7262077200943777,0.24350852400225678
3190,0.068776617430215,0.16443854727858437,0.7667848352912006
3191,0.0726037788672431,0.8275720495332454,0.09982417159951144
3192,0.08292132847864173,0.8401380848313919,0.07694058668996656
3193,0.05193661550079009,0.4765974249672893,0.47146595953192055
3194,0.2072843251131149,0.26669282396618915,0.5260228509206957
3195,0.07453866513850663,0.006992312648725848,0.9184690222127675
3196,0.006049438583623867,0.00792580235728079,0.9860247590590954
3197,0.07933502672101686,0.8036556259340284,0.11700934734495498
3198,0.06237699858577147,0.9277696801082691,0.009853321305959301
3199,0.015402659780436931,0.9646007957496717,0.019996544469891145
3200,0.023024438487193846,0.29317921692121174,0.6837963445915942
3201,0.1356713081270753,0.3887230544369801,0.47560563743594453
3202,0.2577466993213286,0.3978759122893707,0.3443773883893004
3203,0.15437047164405132,0.596388727077142,0.2492408012788067
3204,0.13603778788766013,0.051620107047979175,0.8123421050643607
3205,0.26822054465225764,0.5686192794538019,0.16316017589394055
3206,0.02302139028482769,0.9509089427419695,0.026069666973202888
3207,0.004265174611020106,0.9572358466905375,0.03849897869844233
3208,0.006514427116995977,0.9783731702039125,0.015112402679091653
3209,0.8657514441550859,0.09791179523576538,0.036336760609148866
3210,0.00349068523209291,0.8487632747237235,0.14774604004418385
3211,0.4155944677928514,0.49306882733538504,0.09133670487176361
3212,0.21108800594419821,0.589798629556346,0.19911336449945577
3213,0.8973787424894827,0.09962450635527749,0.0029967511552399548
3214,0.002495378419252718,0.9955180967035356,0.001986524877211905
3215,0.0397959838571697,0.31285303266694076,0.6473509834758895
3216,0.25581094717185454,0.2565965047861393,0.4875925480420057
3217,0.4439267691003512,0.4453357075704149,0.11073752332923364
3218,0.7904487490128738,0.19672692751431262,0.012824323472813351
3219,0.09594031909742325,0.019727366417357773,0.884332314485219
3220,0.02102185597168312,0.9504673525102809,0.028510791518035913
3221,0.019242387701512795,0.04136728821212973,0.9393903240863577
3222,0.1393709570613616,0.6493041675078264,0.21132487543081208
3223,0.2140094082729807,0.7741214299121499,0.011869161814869385
3224,0.39433345636090994,0.0848025336554641,0.5208640099836257
3225,0.5551388563115122,0.4319139254743023,0.012947218214185372
3226,0.07808023457576872,0.13144764152578725,0.790472123898444
3227,0.001440025294162676,0.9801987712058994,0.01836120349993783
3228,0.15406732220835415,0.7363075482175496,0.10962512957409616
3229,0.0240721136691085,0.9727843971134164,0.0031434892174750386
3230,0.0032886973583465804,0.9803417072464007,0.016369595395252446
3231,0.0014258611693144182,0.9824256932634589,0.01614844556722673
3232,0.4143222668360566,0.37946497245967836,0.2062127607042651
3233,0.22389933044537444,0.037093375540551275,0.7390072940140744
3234,0.032894569385549,0.9426383967680144,0.02446703384643629
3235,0.005782122621148546,0.00929820514373054,0.9849196722351209
3236,0.034460545748320054,0.9267808564345628,0.038758597817117275
3237,0.04876373258561577,0.5146800414383249,0.43655622597605903
3238,0.030597202550537175,0.8257846966714794,0.14361810077798332
3239,0.691488481977818,0.29606442598182037,0.012447092040361585
3240,0.4727733763898823,0.10190055815501081,0.4253260654551069
3241,0.006265724269682582,0.9799694780166406,0.013764797713676776
3242,0.33373022286334236,0.6002712010750745,0.06599857606158326
3243,0.16171157428399574,0.044934546007111255,0.7933538797088929
3244,0.906117930979121,0.06180922087251189,0.03207284814836701
3245,0.1050922663501951,0.5071832602733407,0.38772447337646426
3246,0.06474987247792868,0.37215625555057125,0.5630938719714997
3247,0.028306204400799843,0.9579979313594946,0.013695864239705587
3248,0.004877628391361115,0.9868539275998791,0.008268444008759576
3249,0.004582751869083206,0.9508483359192281,0.044568912211688815
3250,0.0883216285784944,0.8892101040916132,0.022468267329892582
3251,0.64288697488504,0.3529998752563323,0.004113149858627763
3252,0.00010767762166819245,0.9596748698396107,0.04021745253872097
3253,0.008787127159410745,0.9899492929779007,0.001263579862688752
3254,0.00513578995631921,0.7897644234075321,0.20509978663614847
3255,0.026885621093619562,0.9407746325939255,0.03233974631245542
3256,0.005390918428311682,0.953883845891426,0.040725235680262095
3257,0.017165493748458115,0.965726977525578,0.017107528725963914
3258,0.12783681382228743,0.6085276910111648,0.2636354951665475
3259,0.10011941306119529,0.8353487400416725,0.06453184689713203
3260,0.3715467913903881,0.41518314368000686,0.21327006492960496
3261,0.18164905958550218,0.05758072938442911,0.7607702110300684
3262,0.033733983764358676,0.9360943777358293,0.030171638499811974
3263,0.07422573760156696,0.8649968457967844,0.06077741660164849
3264,0.013449579153133929,0.9338531635428801,0.052697257303985966
3265,0.11664309303461386,0.5385789865771243,0.34477792038826155
3266,0.047152792251687344,0.9303363971867663,0.022510810561546548
3267,2.5649612294727637e-06,0.9988315923739024,0.0011658426648680036
3268,0.04960897414433065,0.6603522119187498,0.29003881393691966
3269,0.16220323566957037,0.8093894782774368,0.028407286052992656
3270,0.09979773184451579,0.8932826708545957,0.00691959730088831
3271,0.06622138548040254,0.7088004514890256,0.22497816303057153
3272,0.024663810387154272,0.7634946352777369,0.2118415543351089
3273,0.05069829735010972,0.9327652826261982,0.01653642002369193
3274,0.45587156594470674,0.39069577322037763,0.15343266083491566
3275,0.10220679263793522,0.4692941615382737,0.42849904582379117
3276,0.02003122129894895,0.31259865731043335,0.6673701213906177
3278,0.011990958113094382,0.6818843610075533,0.30612468087935263
3279,0.0033071510394883795,0.9862245255426861,0.010468323417825744
3280,0.06831183913658952,0.871883483643262,0.05980467722014846
3281,0.1366769610285025,0.127629460017392,0.7356935789541057
3282,0.006538783142094558,0.054710326839044275,0.9387508900188614
3283,0.30158156989377466,0.009873384392275267,0.6885450457139498
3284,0.010716295569475879,0.9856189695940345,0.0036647348364893233
3285,0.08798396251368218,0.29535869397671216,0.6166573435096057
3286,0.23481110482529552,0.6214079467078873,0.14378094846681724
3287,0.42883042382167796,0.4203302842526655,0.1508392919256565
3288,0.4252384039114737,0.012758792211655772,0.5620028038768704
3289,0.23006686106596924,0.5716364876313546,0.19829665130267607
3290,0.002497751303733139,0.9907405522545354,0.0067616964417311215
3291,0.021539744217297534,0.9089561247562822,0.06950413102642025
3292,0.44371912001480357,0.4639965206878648,0.09228435929733168
3293,0.18289608077511385,0.7674599550164073,0.04964396420847861
3294,0.03820127869968978,0.9230839863051064,0.03871473499520381
3295,0.03961954612554652,0.9066319619769516,0.05374849189750188
3296,0.45586038287821673,0.314109742561784,0.23002987455999926
3297,0.04598296562095281,0.28105396858673504,0.6729630657923122
3298,0.08127361562884967,0.7086833116700019,0.21004307270114866
3299,0.9286483403479172,0.009153267499466308,0.06219839215261665
3300,0.02904879382382141,0.08227198788378277,0.8886792182923955
3301,0.992109802840744,0.002474112520258772,0.00541608463899717
3302,0.028632921026474092,0.20127204990339484,0.7700950290701312
3303,0.864827421061364,0.13402227531638639,0.001150303622249695
3304,0.010349291965874353,0.9753340629027535,0.014316645131372112
3305,0.15408653592221724,0.6320709325779597,0.213842531499823
3306,0.005348979987126474,0.8309384919249277,0.16371252808794615
3307,0.5597966381967988,0.3100078633163529,0.13019549848684794
3308,0.09772557214173308,0.8886764160605811,0.013598011797685857
3309,0.01776805171219017,0.9395302713789558,0.042701676908854
3310,0.014904790972502425,0.8624899248801075,0.12260528414739023
3311,0.03105930438787746,0.9432783336898387,0.025662361922283848
3312,0.00281251837836689,0.008345074014934593,0.9888424076066986
3313,0.013222435068317209,0.7267450626330705,0.26003250229861236
3314,0.5855090804205569,0.013911649993013,0.40057926958643014
3315,0.025373865784583834,0.9639875239286364,0.010638610286779876
3316,0.38855340676393546,0.157750857435666,0.4536957358003983
3317,0.1903101209661486,0.7358259036977784,0.07386397533607306
3318,0.08703432347797162,0.4062829507871753,0.5066827257348535
3319,0.5739875524175143,0.3406198804126359,0.08539256716985004
3320,0.022448867807441802,0.8257254963030164,0.15182563588954207
3321,0.16611421587884734,0.8315956694185702,0.002290114702582367
3322,0.14071729945870018,0.03125567893235375,0.8280270216089463
3323,0.5172362879019599,0.37273089979863744,0.11003281229940255
3324,0.003968270558054925,0.8365274932308698,0.15950423621107532
3325,0.0001526278501058817,0.9173090081048677,0.08253836404502658
3326,0.26576858031134865,0.6786187488972424,0.05561267079140899
3327,0.05572385646399621,0.8751451024838692,0.06913104105213438
3328,0.010858791464901055,0.9209082795524418,0.06823292898265704
3329,0.09324208507491293,0.5404083222985462,0.3663495926265407
3330,0.9811979378466162,0.007275829650273725,0.011526232503110207
3331,0.08102777572057769,0.020959357444183906,0.8980128668352384
3332,0.03432834793635725,0.9324708132897435,0.033200838773899344
3333,0.02047566721523115,0.940495481761002,0.03902885102376675
3334,0.08117092220557505,0.48351324288718006,0.43531583490724496
3335,0.16579218071468838,0.06756421501348772,0.766643604271824
3336,0.07408473128457867,0.01307824630165765,0.9128370224137636
3337,0.003843687928653101,0.9747350525384915,0.02142125953285569
3338,0.007014631381558744,0.05313988476323172,0.9398454838552097
3339,0.016747934004306016,0.09828953429059516,0.8849625317050988
3340,0.04276635599215632,0.726374249693626,0.23085939431421784
3341,0.3918336193752471,0.5023061313980612,0.10586024922669135
3342,0.04727680487770882,0.33875888327832027,0.6139643118439705
3343,0.0010746017918615712,0.9413304559025447,0.05759494230559381
3344,0.18410051905158367,0.7677178887114988,0.04818159223691746
3345,0.02719895167119617,0.9670944878831618,0.005706560445641907
3346,0.10034818375392243,0.7084252835677601,0.19122653267831735
3347,0.25895505713157085,0.7375914063242914,0.003453536544137664
3348,0.02200651451112901,0.7406162228723641,0.23737726261650685
3349,0.0008855517943223716,0.9653206546432593,0.03379379356241839
3350,0.024058393601993782,0.936764056644623,0.039177549753383126
3351,0.10969931958595493,0.8746156134405626,0.015685066973482396
3352,0.14797119494409613,0.41487413086384056,0.4371546741920631
3353,0.0018824500733081555,0.4492154333784088,0.5489021165482831
3354,0.0029947950458023976,0.9128472255552393,0.08415797939895821
3355,0.2534026815189261,0.42887043753175097,0.3177268809493229
3356,0.056589244915562255,0.9068881451263539,0.03652260995808406
3357,0.19203367314147857,0.7494111307373356,0.058555196121186065
3358,0.6272568323849074,0.34674506394098875,0.02599810367410384
3359,0.004649962285580893,0.9794056286486911,0.01594440906572836
3360,0.7525255891228689,0.1739134259454113,0.07356098493171996
3361,0.015355417152834071,0.10865053907465784,0.8759940437725084
3362,0.25682552691071114,0.49824380078637653,0.2449306723029122
3363,0.47788327677862763,0.43091511694897194,0.09120160627240041
3364,0.023230775065175305,0.9429901226875634,0.03377910224726147
3365,0.14175645542336912,0.4762298292532397,0.3820137153233912
3366,0.01327073814354364,0.9093726323221452,0.07735662953431151
3367,0.024860740331251442,0.9354442273742049,0.039695032294543554
3368,0.9009244371832633,0.07512117989951612,0.02395438291722044
3369,0.0028399156821115904,0.9263303802423533,0.07082970407553521
3370,0.13498377445230075,0.862362646807658,0.002653578740041293
3371,0.8124212226833372,0.012340837530391134,0.17523793978627136
3372,0.49820173945753776,0.38377970073749007,0.118018559804972
3373,0.00501993298971727,0.9807940862132223,0.014185980797060556
3374,0.4618075972826269,0.35006779920323594,0.18812460351413718
3375,0.10457518275681439,0.501661529020697,0.39376328822248857
3376,0.9577789224826454,0.04106214815958269,0.0011589293577718364
3377,0.003664748944456642,0.882637175870426,0.11369807518511725
3378,0.042371041231684295,0.6538972937354656,0.30373166503284965
3379,0.014606220700590228,0.5396958283456256,0.4456979509537839
3380,0.13407101753127162,0.7500082480797055,0.11592073438902271
3381,0.027839970934567138,0.19138917870623787,0.780770850359195
3382,0.16104991742320757,0.3760219051711437,0.46292817740564846
3383,0.0951891568154964,0.5904908597661123,0.31431998341839135
3384,0.001472350267881852,0.9546343778906262,0.04389327184149197
3385,0.0021926075338360366,0.9867883751675836,0.011019017298580324
3386,0.009574304667320236,0.20883042940585017,0.7815952659268296
3387,0.0012589884745440318,0.9581279278515268,0.04061308367392905
3388,0.22974949720052384,0.4841011433531278,0.2861493594463486
3389,0.0018320032595561197,0.9872164360638029,0.01095156067664118
3390,0.011531037868498987,0.9768682847826357,0.011600677348865333
3391,0.06430045187833423,0.5731645209538093,0.36253502716785635
3392,0.0114321101259859,0.8614323028246855,0.12713558704932845
3393,0.0035003685582792924,0.988872137118659,0.007627494323061956
3394,0.24451366508738975,0.4691389454233488,0.2863473894892613
3395,0.11679722642905625,0.6823727926076999,0.2008299809632438
3396,0.004359822109356538,0.975083434951607,0.020556742939036757
3397,0.0077958679806868015,0.9831402590840154,0.00906387293529761
3398,0.17856563698602373,0.41280740258817156,0.40862696042580465
3399,0.018982403337941666,0.9296646465417984,0.05135295012026002
3400,0.015273306785298753,0.932396358019326,0.05233033519537521
3401,0.006125668065579088,0.9358444979770121,0.05802983395740883
3402,0.0016967214049672039,0.9515397623891125,0.04676351620592018
3403,0.01482418131175843,0.01885848719745615,0.966317331490785
3404,0.5654443638010854,0.4017661152203566,0.03278952097855779
3405,0.12841534370529048,0.8650559791490297,0.006528677145680069
3406,0.003717746632088792,0.989669520178336,0.006612733189575497
3407,0.8182040256358575,0.17147588661317004,0.01032008775097255
3408,0.023587116917726633,0.8449099150973016,0.13150296798497152
3409,0.11222361953101226,0.3262316773363972,0.5615447031325903
3410,0.3008041997926017,0.37826795163308674,0.32092784857431167
3411,0.2692736880421525,0.4653683686712683,0.26535794328657897
